task,model,status,train_accuracy,train_balanced_accuracy,train_precision_macro,train_recall_macro,train_f1_macro,train_precision_weighted,train_recall_weighted,train_f1_weighted,test_accuracy,test_balanced_accuracy,test_precision_macro,test_recall_macro,test_f1_macro,test_precision_weighted,test_recall_weighted,test_f1_weighted,accuracy,balanced_accuracy,f1_macro,f1_weighted,metric_family,train_R2,train_RMSE,train_MAE,test_R2,test_RMSE,test_MAE,R2,RMSE,MAE,parameter,Pearson_r
regime_classification_all_models,Pure ML: pseudo-bulk marker modules,ok,1.0,1.0,1.0,1.0,1.0,1.0,1.0,1.0,0.4,0.4,0.3855023923444976,0.4,0.36893267651888345,0.3855023923444976,0.4,0.3689326765188834,0.4,0.4,0.36893267651888345,0.3689326765188834,FULL_classification_all_models,,,,,,,,,,,
regime_classification_all_models,Pure ML: RNAseq-like gene features,ok,1.0,1.0,1.0,1.0,1.0,1.0,1.0,1.0,0.3,0.3,0.3106060606060606,0.3,0.2951111111111111,0.3106060606060606,0.3,0.2951111111111111,0.3,0.3,0.2951111111111111,0.2951111111111111,FULL_classification_all_models,,,,,,,,,,,
regime_classification_all_models,Pure ML: bulk + spatial marker modules,ok,1.0,1.0,1.0,1.0,1.0,1.0,1.0,1.0,0.48,0.4800000000000001,0.49523809523809526,0.4800000000000001,0.4709420610349403,0.4952380952380952,0.48,0.4709420610349403,0.48,0.4800000000000001,0.4709420610349403,0.4709420610349403,FULL_classification_all_models,,,,,,,,,,,
regime_classification_all_models,Mechanistic virtual-cell summaries,ok,1.0,1.0,1.0,1.0,1.0,1.0,1.0,1.0,0.96,0.96,0.9666666666666668,0.96,0.9607655502392344,0.9666666666666667,0.96,0.9607655502392345,0.96,0.96,0.9607655502392344,0.9607655502392345,FULL_classification_all_models,,,,,,,,,,,
regime_classification_all_models,Hybrid Type I: feature concatenation,ok,1.0,1.0,1.0,1.0,1.0,1.0,1.0,1.0,0.96,0.96,0.9666666666666668,0.96,0.9607655502392344,0.9666666666666667,0.96,0.9607655502392345,0.96,0.96,0.9607655502392344,0.9607655502392345,FULL_classification_all_models,,,,,,,,,,,
regime_classification_all_models,Hybrid Type IV/V: biology-informed residual-dynamics proxy,ok,1.0,1.0,1.0,1.0,1.0,1.0,1.0,1.0,0.64,0.6399999999999999,0.631962481962482,0.6399999999999999,0.6240424590888987,0.631962481962482,0.64,0.6240424590888987,0.64,0.6399999999999999,0.6240424590888987,0.6240424590888987,FULL_classification_all_models,,,,,,,,,,,
regime_classification_all_models,Hybrid Type II: MM prediction + AI residual correction,ok,1.0,1.0,1.0,1.0,1.0,1.0,1.0,1.0,0.94,0.9399999999999998,0.9484848484848485,0.9399999999999998,0.9395458342826764,0.9484848484848485,0.94,0.9395458342826764,0.94,0.9399999999999998,0.9395458342826764,0.9395458342826764,FULL_classification_all_models,,,,,,,,,,,
regime_classification_all_models,Hybrid Type III: AI-inferred parameters -> MM surrogate,"failed: The feature names should match those that were passed during fit.
Feature names unseen at fit time:
- theta_hat_barrier
- theta_hat_cytotoxic_gain
- theta_hat_decay
- theta_hat_diffusion
- theta_hat_ecm_density
- ...
Feature names seen at fit time, yet now missing:
- barrier
- cytotoxic_gain
- decay
- diffusion
- ecm_density
- ...
",,,,,,,,,,,,,,,,,,,,,FULL_classification_all_models,,,,,,,,,,,
regime_classification_all_models,Hybrid Type III+: parameterized MM + AI residual,"failed: The feature names should match those that were passed during fit.
Feature names unseen at fit time:
- theta_hat_barrier
- theta_hat_cytotoxic_gain
- theta_hat_decay
- theta_hat_diffusion
- theta_hat_ecm_density
- ...
Feature names seen at fit time, yet now missing:
- barrier
- cytotoxic_gain
- decay
- diffusion
- ecm_density
- ...
",,,,,,,,,,,,,,,,,,,,,FULL_classification_all_models,,,,,,,,,,,
regime_classification_all_models,Hybrid Type VII: simulator surrogate with true parameters (oracle diagnostic),"failed: The feature names should match those that were passed during fit.
Feature names unseen at fit time:
- theta_hat_barrier
- theta_hat_cytotoxic_gain
- theta_hat_decay
- theta_hat_diffusion
- theta_hat_ecm_density
- ...
Feature names seen at fit time, yet now missing:
- barrier
- cytotoxic_gain
- decay
- diffusion
- ecm_density
- ...
",,,,,,,,,,,,,,,,,,,,,FULL_classification_all_models,,,,,,,,,,,
regime_classification_all_models,Hybrid Type V: Neural-ODE learned residual dynamics,ok,0.9533333333333334,0.9533333333333334,0.9535038932146829,0.9533333333333334,0.9532092247846624,0.953503893214683,0.9533333333333334,0.9532092247846625,0.28,0.27999999999999997,0.2475,0.27999999999999997,0.24361416361416363,0.2475,0.28,0.24361416361416363,0.28,0.27999999999999997,0.24361416361416363,0.24361416361416363,FULL_classification_all_models,,,,,,,,,,,
regime_classification_all_models,Hybrid Type IV: reduced state-space PINN,ok,0.76,0.76,0.7622564935064935,0.76,0.7583122929062862,0.7622564935064936,0.76,0.7583122929062862,0.16,0.15999999999999998,0.057837837837837844,0.15999999999999998,0.07957446808510638,0.057837837837837844,0.16,0.07957446808510638,0.16,0.15999999999999998,0.07957446808510638,0.07957446808510638,FULL_classification_all_models,,,,,,,,,,,
future_burden_all_models,Pure ML: pseudo-bulk marker modules,ok,,,,,,,,,,,,,,,,,,,,,FULL_future_burden_all_models,0.9212899249917782,0.026791230417660374,0.021204566481352424,0.5533672283112054,0.0706842324573708,0.05755777929974955,0.5533672283112054,0.0706842324573708,0.05755777929974955,,
future_burden_all_models,Pure ML: RNAseq-like gene features,ok,,,,,,,,,,,,,,,,,,,,,FULL_future_burden_all_models,0.9024131415267764,0.02983136769028767,0.024407119638410902,0.3850386990871827,0.08294135894057406,0.06891136718258375,0.3850386990871827,0.08294135894057406,0.06891136718258375,,
future_burden_all_models,Pure ML: bulk + spatial marker modules,ok,,,,,,,,,,,,,,,,,,,,,FULL_future_burden_all_models,0.942429253585879,0.022912813834340382,0.016929982907854843,0.7124224500137192,0.05671850081464947,0.04365911481017184,0.7124224500137192,0.05671850081464947,0.04365911481017184,,
future_burden_all_models,Mechanistic virtual-cell summaries,ok,,,,,,,,,,,,,,,,,,,,,FULL_future_burden_all_models,0.9993527644581222,0.0024294539714573024,0.0013642532942708962,0.9969252241695328,0.005864810481041968,0.003478932748714291,0.9969252241695328,0.005864810481041968,0.003478932748714291,,
future_burden_all_models,Hybrid Type I: feature concatenation,ok,,,,,,,,,,,,,,,,,,,,,FULL_future_burden_all_models,0.9990455089348931,0.0029502813239310173,0.0017028624452096143,0.9959913107330948,0.006696508893689875,0.004127428565385422,0.9959913107330948,0.006696508893689875,0.004127428565385422,,
future_burden_all_models,Hybrid Type IV/V: biology-informed residual-dynamics proxy,ok,,,,,,,,,,,,,,,,,,,,,FULL_future_burden_all_models,0.9938253304896898,0.007503853648832944,0.005507413233952784,0.9362434519606925,0.02670604957590697,0.01933164228418713,0.9362434519606925,0.02670604957590697,0.01933164228418713,,
future_burden_all_models,Hybrid Type II: MM prediction + AI residual correction,ok,,,,,,,,,,,,,,,,,,,,,FULL_future_burden_all_models,0.9997968586323532,0.0013610581561392689,0.00064174149462442,0.9970782445617321,0.0057170130539318555,0.0035210277216782184,0.9970782445617321,0.0057170130539318555,0.0035210277216782184,,
future_burden_all_models,Hybrid Type III: AI-inferred parameters -> MM surrogate,"failed: The feature names should match those that were passed during fit.
Feature names unseen at fit time:
- theta_hat_barrier
- theta_hat_cytotoxic_gain
- theta_hat_decay
- theta_hat_diffusion
- theta_hat_ecm_density
- ...
Feature names seen at fit time, yet now missing:
- barrier
- cytotoxic_gain
- decay
- diffusion
- ecm_density
- ...
",,,,,,,,,,,,,,,,,,,,,FULL_future_burden_all_models,,,,,,,,,,,
future_burden_all_models,Hybrid Type III+: parameterized MM + AI residual,"failed: The feature names should match those that were passed during fit.
Feature names unseen at fit time:
- theta_hat_barrier
- theta_hat_cytotoxic_gain
- theta_hat_decay
- theta_hat_diffusion
- theta_hat_ecm_density
- ...
Feature names seen at fit time, yet now missing:
- barrier
- cytotoxic_gain
- decay
- diffusion
- ecm_density
- ...
",,,,,,,,,,,,,,,,,,,,,FULL_future_burden_all_models,,,,,,,,,,,
future_burden_all_models,Hybrid Type VII: simulator surrogate with true parameters (oracle diagnostic),"failed: The feature names should match those that were passed during fit.
Feature names unseen at fit time:
- theta_hat_barrier
- theta_hat_cytotoxic_gain
- theta_hat_decay
- theta_hat_diffusion
- theta_hat_ecm_density
- ...
Feature names seen at fit time, yet now missing:
- barrier
- cytotoxic_gain
- decay
- diffusion
- ecm_density
- ...
",,,,,,,,,,,,,,,,,,,,,FULL_future_burden_all_models,,,,,,,,,,,
future_burden_all_models,Hybrid Type V: Neural-ODE learned residual dynamics,ok,,,,,,,,,,,,,,,,,,,,,FULL_future_burden_all_models,0.4100092194635291,0.07334999845081054,0.05144512177167911,-11.846958133423145,0.37909443376343294,0.2798485339087029,-11.846958133423145,0.37909443376343294,0.2798485339087029,,
future_burden_all_models,Hybrid Type IV: reduced state-space PINN,ok,,,,,,,,,,,,,,,,,,,,,FULL_future_burden_all_models,-0.4635977291561366,0.11552829392192858,0.10949089442809791,-60.399271811596726,0.8287601561654858,0.6394205055288144,-60.399271811596726,0.8287601561654858,0.6394205055288144,,
best_intervention_all_models,Pure ML: pseudo-bulk marker modules,ok,1.0,1.0,1.0,1.0,1.0,1.0,1.0,1.0,0.38,0.17272727272727273,0.08636363636363636,0.17272727272727273,0.11515151515151516,0.19,0.38,0.25333333333333335,0.38,0.17272727272727273,0.11515151515151516,0.25333333333333335,FULL_best_intervention_all_models,,,,,,,,,,,
best_intervention_all_models,Pure ML: RNAseq-like gene features,ok,1.0,1.0,1.0,1.0,1.0,1.0,1.0,1.0,0.42,0.19090909090909092,0.08571428571428572,0.19090909090909092,0.11830985915492957,0.18857142857142858,0.42,0.26028169014084507,0.42,0.19090909090909092,0.11830985915492957,0.26028169014084507,FULL_best_intervention_all_models,,,,,,,,,,,
best_intervention_all_models,Pure ML: bulk + spatial marker modules,ok,1.0,1.0,1.0,1.0,1.0,1.0,1.0,1.0,0.42,0.19610389610389609,0.1475609756097561,0.19610389610389609,0.1492063492063492,0.2846341463414634,0.42,0.31047619047619046,0.42,0.19610389610389609,0.1492063492063492,0.31047619047619046,FULL_best_intervention_all_models,,,,,,,,,,,
best_intervention_all_models,Mechanistic virtual-cell summaries,ok,1.0,1.0,1.0,1.0,1.0,1.0,1.0,1.0,0.42,0.2448051948051948,0.23524475524475524,0.2448051948051948,0.23984952978056423,0.40738461538461546,0.42,0.4134620689655172,0.42,0.2448051948051948,0.23984952978056423,0.4134620689655172,FULL_best_intervention_all_models,,,,,,,,,,,
best_intervention_all_models,Hybrid Type I: feature concatenation,ok,1.0,1.0,1.0,1.0,1.0,1.0,1.0,1.0,0.4,0.1974025974025974,0.16944444444444445,0.1974025974025974,0.17178683385579935,0.31277777777777777,0.4,0.33429467084639497,0.4,0.1974025974025974,0.17178683385579935,0.33429467084639497,FULL_best_intervention_all_models,,,,,,,,,,,
best_intervention_all_models,Hybrid Type IV/V: biology-informed residual-dynamics proxy,ok,1.0,1.0,1.0,1.0,1.0,1.0,1.0,1.0,0.42,0.19090909090909092,0.0875,0.19090909090909092,0.12,0.1925,0.42,0.264,0.42,0.19090909090909092,0.12,0.264,FULL_best_intervention_all_models,,,,,,,,,,,
best_intervention_all_models,Hybrid Type II: MM prediction + AI residual correction,ok,1.0,1.0,1.0,1.0,1.0,1.0,1.0,1.0,0.46,0.24502164502164506,0.24191919191919192,0.24502164502164506,0.23320158102766797,0.4111111111111111,0.46,0.4173913043478261,0.46,0.24502164502164506,0.23320158102766797,0.4173913043478261,FULL_best_intervention_all_models,,,,,,,,,,,
best_intervention_all_models,Hybrid Type III: AI-inferred parameters -> MM surrogate,"failed: The feature names should match those that were passed during fit.
Feature names unseen at fit time:
- theta_hat_barrier
- theta_hat_cytotoxic_gain
- theta_hat_decay
- theta_hat_diffusion
- theta_hat_ecm_density
- ...
Feature names seen at fit time, yet now missing:
- barrier
- cytotoxic_gain
- decay
- diffusion
- ecm_density
- ...
",,,,,,,,,,,,,,,,,,,,,FULL_best_intervention_all_models,,,,,,,,,,,
best_intervention_all_models,Hybrid Type III+: parameterized MM + AI residual,"failed: The feature names should match those that were passed during fit.
Feature names unseen at fit time:
- theta_hat_barrier
- theta_hat_cytotoxic_gain
- theta_hat_decay
- theta_hat_diffusion
- theta_hat_ecm_density
- ...
Feature names seen at fit time, yet now missing:
- barrier
- cytotoxic_gain
- decay
- diffusion
- ecm_density
- ...
",,,,,,,,,,,,,,,,,,,,,FULL_best_intervention_all_models,,,,,,,,,,,
best_intervention_all_models,Hybrid Type VII: simulator surrogate with true parameters (oracle diagnostic),"failed: The feature names should match those that were passed during fit.
Feature names unseen at fit time:
- theta_hat_barrier
- theta_hat_cytotoxic_gain
- theta_hat_decay
- theta_hat_diffusion
- theta_hat_ecm_density
- ...
Feature names seen at fit time, yet now missing:
- barrier
- cytotoxic_gain
- decay
- diffusion
- ecm_density
- ...
",,,,,,,,,,,,,,,,,,,,,FULL_best_intervention_all_models,,,,,,,,,,,
best_intervention_all_models,Hybrid Type V: Neural-ODE learned residual dynamics,ok,0.98,0.9890842490842491,0.9513194444444444,0.9890842490842491,0.9679000750244124,0.9814143518518519,0.98,0.9802996387047626,0.3,0.14155844155844155,0.1576923076923077,0.14155844155844155,0.1388888888888889,0.3069230769230769,0.3,0.2877777777777778,0.3,0.14155844155844155,0.1388888888888889,0.2877777777777778,FULL_best_intervention_all_models,,,,,,,,,,,
best_intervention_all_models,Hybrid Type IV: reduced state-space PINN,ok,0.7866666666666666,0.8671794871794871,0.7046447419361412,0.8671794871794871,0.7566678792257571,0.8063118840461588,0.7866666666666666,0.7904150658665806,0.3,0.1958874458874459,0.2606060606060606,0.1958874458874459,0.16789505400268853,0.48484848484848486,0.3,0.2777546006582302,0.3,0.1958874458874459,0.16789505400268853,0.2777546006582302,FULL_best_intervention_all_models,,,,,,,,,,,
parameter_recovery_all_models,Pure ML: pseudo-bulk marker modules,ok,,,,,,,,,,,,,,,,,,,,,FULL_parameter_recovery_all_models,0.8342814670497415,0.08861959726801008,0.06926166714573233,-0.09583297855412054,0.23280532309965316,0.1961128871695999,-0.09583297855412054,0.23280532309965316,0.1961128871695999,barrier,0.04293768754143726
parameter_recovery_all_models,Pure ML: pseudo-bulk marker modules,ok,,,,,,,,,,,,,,,,,,,,,FULL_parameter_recovery_all_models,0.8355677157712755,0.08831361556870873,0.0693566190514321,-0.06230402828903747,0.23013290533866054,0.19529310841302483,-0.06230402828903747,0.23013290533866054,0.19529310841302483,ecm_density,0.08587611311609299
parameter_recovery_all_models,Pure ML: pseudo-bulk marker modules,ok,,,,,,,,,,,,,,,,,,,,,FULL_parameter_recovery_all_models,0.8400279017498098,0.007709215258328751,0.006064405736599053,0.10096431232918812,0.018591635929663102,0.01471316492265179,0.10096431232918812,0.018591635929663102,0.01471316492265179,repair_rate,0.333845591018036
parameter_recovery_all_models,Pure ML: pseudo-bulk marker modules,ok,,,,,,,,,,,,,,,,,,,,,FULL_parameter_recovery_all_models,0.8293800025421564,0.009702187915133333,0.00725907950491087,0.006343433321934544,0.02274069696379934,0.018676527949236382,0.006343433321934544,0.02274069696379934,0.018676527949236382,diffusion,0.18864347061564582
parameter_recovery_all_models,Pure ML: pseudo-bulk marker modules,ok,,,,,,,,,,,,,,,,,,,,,FULL_parameter_recovery_all_models,0.8505108709456431,0.005974505310088589,0.0049508300183977675,0.23566724256497318,0.013705794106401287,0.011374457419378677,0.23566724256497318,0.013705794106401287,0.011374457419378677,decay,0.523299735009187
parameter_recovery_all_models,Pure ML: pseudo-bulk marker modules,ok,,,,,,,,,,,,,,,,,,,,,FULL_parameter_recovery_all_models,0.822958952079259,0.0038823047010685145,0.0028494971211837474,-0.12979526916810458,0.009388919078168736,0.0074751592560271755,-0.12979526916810458,0.009388919078168736,0.0074751592560271755,injury_amp,0.02631883912182465
parameter_recovery_all_models,Pure ML: pseudo-bulk marker modules,ok,,,,,,,,,,,,,,,,,,,,,FULL_parameter_recovery_all_models,0.8288037505227872,0.003149934323516149,0.0025256758276468363,-0.0563532950550476,0.008650124110206913,0.007421421697568031,-0.0563532950550476,0.008650124110206913,0.007421421697568031,persistent_injury,-0.022108949589821916
parameter_recovery_all_models,Pure ML: pseudo-bulk marker modules,ok,,,,,,,,,,,,,,,,,,,,,FULL_parameter_recovery_all_models,0.8682151051160835,0.0095583548288452,0.007767447009012761,0.045865181589247905,0.02363241640918313,0.019493498319609462,0.045865181589247905,0.02363241640918313,0.019493498319609462,recruitment_rate,0.2932742800656245
parameter_recovery_all_models,Pure ML: pseudo-bulk marker modules,ok,,,,,,,,,,,,,,,,,,,,,FULL_parameter_recovery_all_models,0.8741971961790638,0.1381971943308265,0.10835733520541467,0.22774375596442675,0.32836675518847536,0.25753376636525344,0.22774375596442675,0.32836675518847536,0.25753376636525344,nfkb_gain,0.4836059319009095
parameter_recovery_all_models,Pure ML: pseudo-bulk marker modules,ok,,,,,,,,,,,,,,,,,,,,,FULL_parameter_recovery_all_models,0.8799169812920028,0.12136684954909971,0.09908601408306864,0.1916492078141253,0.3067093089449556,0.24745077600088503,0.1916492078141253,0.3067093089449556,0.24745077600088503,stat3_gain,0.4386778452300526
parameter_recovery_all_models,Pure ML: pseudo-bulk marker modules,ok,,,,,,,,,,,,,,,,,,,,,FULL_parameter_recovery_all_models,0.8596854084620038,0.11065441013738272,0.08586293320339848,0.0538519576632438,0.2945235473953844,0.24221560791641125,0.0538519576632438,0.2945235473953844,0.24221560791641125,ifng_gain,0.34902240745021246
parameter_recovery_all_models,Pure ML: pseudo-bulk marker modules,ok,,,,,,,,,,,,,,,,,,,,,FULL_parameter_recovery_all_models,0.8679784036139958,0.11455584379645778,0.09522309562231951,0.1681492127564368,0.2996638883112792,0.2427571933306492,0.1681492127564368,0.2996638883112792,0.2427571933306492,tgfb_gain,0.41650922673887125
parameter_recovery_all_models,Pure ML: pseudo-bulk marker modules,ok,,,,,,,,,,,,,,,,,,,,,FULL_parameter_recovery_all_models,0.84506639499807,0.11859072791434445,0.09439408408049386,0.042908680217274564,0.32465152224586535,0.28508659309970097,0.042908680217274564,0.32465152224586535,0.28508659309970097,exhaustion_gain,0.24392751500913734
parameter_recovery_all_models,Pure ML: pseudo-bulk marker modules,ok,,,,,,,,,,,,,,,,,,,,,FULL_parameter_recovery_all_models,0.854165476776668,0.0860288291589536,0.06371067745819477,-0.12072918949798317,0.2609307965095952,0.1965340674410495,-0.12072918949798317,0.2609307965095952,0.1965340674410495,cytotoxic_gain,0.12410779251581694
parameter_recovery_all_models,Pure ML: pseudo-bulk marker modules,ok,,,,,,,,,,,,,,,,,,,,,FULL_parameter_recovery_all_models,0.8523882538822822,0.08287443820034161,0.06630176030226967,-0.14549778118679857,0.23608803748447568,0.1929008000531286,-0.14549778118679857,0.23608803748447568,0.1929008000531286,migration_gain,0.048434841281303515
parameter_recovery_all_models,Pure ML: RNAseq-like gene features,ok,,,,,,,,,,,,,,,,,,,,,FULL_parameter_recovery_all_models,0.830394438116131,0.08965288654399024,0.07004078579958779,-0.0644081280648714,0.2294430009529451,0.1864100034604402,-0.0644081280648714,0.2294430009529451,0.1864100034604402,barrier,-0.07007324282753744
parameter_recovery_all_models,Pure ML: RNAseq-like gene features,ok,,,,,,,,,,,,,,,,,,,,,FULL_parameter_recovery_all_models,0.8284754087715389,0.09019808492526464,0.0708765659214803,-0.0686283346298393,0.23081692384568542,0.18865818974845486,-0.0686283346298393,0.23081692384568542,0.18865818974845486,ecm_density,-0.07081121247205477
parameter_recovery_all_models,Pure ML: RNAseq-like gene features,ok,,,,,,,,,,,,,,,,,,,,,FULL_parameter_recovery_all_models,0.8365469391204035,0.007792639410797549,0.0062849867603855004,0.006108230547363203,0.019547836032704286,0.0159228708401157,0.006108230547363203,0.019547836032704286,0.0159228708401157,repair_rate,0.12040451037076476
parameter_recovery_all_models,Pure ML: RNAseq-like gene features,ok,,,,,,,,,,,,,,,,,,,,,FULL_parameter_recovery_all_models,0.8425867777287104,0.009319128944186454,0.007121607678232692,-0.10523228034291154,0.023983490959308504,0.01907315547267558,-0.10523228034291154,0.023983490959308504,0.01907315547267558,diffusion,-0.19479633794494836
parameter_recovery_all_models,Pure ML: RNAseq-like gene features,ok,,,,,,,,,,,,,,,,,,,,,FULL_parameter_recovery_all_models,0.845019826772385,0.00608324372261089,0.005038959874941654,0.15626969672444857,0.014400076216231544,0.012205508740348328,0.15626969672444857,0.014400076216231544,0.012205508740348328,decay,0.49083668802193225
parameter_recovery_all_models,Pure ML: RNAseq-like gene features,ok,,,,,,,,,,,,,,,,,,,,,FULL_parameter_recovery_all_models,0.8323363505287875,0.0037780881755576823,0.00285531694088562,-0.17241346793159695,0.0095643645120211,0.007706380845214284,-0.17241346793159695,0.0095643645120211,0.007706380845214284,injury_amp,-0.22691273572128146
parameter_recovery_all_models,Pure ML: RNAseq-like gene features,ok,,,,,,,,,,,,,,,,,,,,,FULL_parameter_recovery_all_models,0.8395226763035352,0.0030497287384244932,0.0025155563423365905,-0.010302047960355498,0.008459473994429315,0.007253106218554136,-0.010302047960355498,0.008459473994429315,0.007253106218554136,persistent_injury,0.06162930028278357
parameter_recovery_all_models,Pure ML: RNAseq-like gene features,ok,,,,,,,,,,,,,,,,,,,,,FULL_parameter_recovery_all_models,0.8560404493193802,0.009990116953765869,0.008144109020005764,0.08137752279389387,0.02318845385693753,0.019329630334584992,0.08137752279389387,0.02318845385693753,0.019329630334584992,recruitment_rate,0.2936334908037843
parameter_recovery_all_models,Pure ML: RNAseq-like gene features,ok,,,,,,,,,,,,,,,,,,,,,FULL_parameter_recovery_all_models,0.8497759434117349,0.15101629407079512,0.121295808198763,0.0606382697036707,0.3621553445225949,0.28458558048115096,0.0606382697036707,0.3621553445225949,0.28458558048115096,nfkb_gain,0.25726317688577
parameter_recovery_all_models,Pure ML: RNAseq-like gene features,ok,,,,,,,,,,,,,,,,,,,,,FULL_parameter_recovery_all_models,0.8597718370366341,0.13115259938273355,0.10686038361833303,0.016983413089181165,0.338226355772828,0.2801251068763147,0.016983413089181165,0.338226355772828,0.2801251068763147,stat3_gain,0.20407676779052497
parameter_recovery_all_models,Pure ML: RNAseq-like gene features,ok,,,,,,,,,,,,,,,,,,,,,FULL_parameter_recovery_all_models,0.8508388484349934,0.1140893676566246,0.08595845759837277,-0.0005838851850854532,0.3028776501564928,0.2443105043720787,-0.0005838851850854532,0.3028776501564928,0.2443105043720787,ifng_gain,0.20572412816509447
parameter_recovery_all_models,Pure ML: RNAseq-like gene features,ok,,,,,,,,,,,,,,,,,,,,,FULL_parameter_recovery_all_models,0.8533735319185458,0.12072603723715575,0.09968954268909631,0.07958277730967578,0.315212958180104,0.2627421044079401,0.07958277730967578,0.315212958180104,0.2627421044079401,tgfb_gain,0.2828555620007907
parameter_recovery_all_models,Pure ML: RNAseq-like gene features,ok,,,,,,,,,,,,,,,,,,,,,FULL_parameter_recovery_all_models,0.8503942480116994,0.11653384266888496,0.09768699392007667,-0.027262236986687283,0.3363422433380896,0.3005323680236753,-0.027262236986687283,0.3363422433380896,0.3005323680236753,exhaustion_gain,0.07203521711781213
parameter_recovery_all_models,Pure ML: RNAseq-like gene features,ok,,,,,,,,,,,,,,,,,,,,,FULL_parameter_recovery_all_models,0.8473037663184002,0.08802945269829038,0.06590129234089491,-0.11406231954170343,0.26015354072803887,0.20354620236633014,-0.11406231954170343,0.26015354072803887,0.20354620236633014,cytotoxic_gain,0.010808866145388011
parameter_recovery_all_models,Pure ML: RNAseq-like gene features,ok,,,,,,,,,,,,,,,,,,,,,FULL_parameter_recovery_all_models,0.8565334657134894,0.08170251816296589,0.06664004692125512,-0.11344261441078252,0.23276130066178835,0.195241011234894,-0.11344261441078252,0.23276130066178835,0.195241011234894,migration_gain,-0.04129812691092
parameter_recovery_all_models,Pure ML: bulk + spatial marker modules,ok,,,,,,,,,,,,,,,,,,,,,FULL_parameter_recovery_all_models,0.8352206545226756,0.08836812064144131,0.06854357337006661,-0.04302881279736237,0.22712705825418275,0.19080374870805572,-0.04302881279736237,0.22712705825418275,0.19080374870805572,barrier,0.09671704577820513
parameter_recovery_all_models,Pure ML: bulk + spatial marker modules,ok,,,,,,,,,,,,,,,,,,,,,FULL_parameter_recovery_all_models,0.8362283729408684,0.08813602347856822,0.0683233059461084,-0.01895502730818288,0.22538853168428394,0.19041338824878717,-0.01895502730818288,0.22538853168428394,0.19041338824878717,ecm_density,0.12741276957072717
parameter_recovery_all_models,Pure ML: bulk + spatial marker modules,ok,,,,,,,,,,,,,,,,,,,,,FULL_parameter_recovery_all_models,0.849235451103215,0.007484067020587753,0.0057792622168776776,0.23528397317622163,0.01714664816222517,0.013440241775584994,0.23528397317622163,0.01714664816222517,0.013440241775584994,repair_rate,0.5190751346559526
parameter_recovery_all_models,Pure ML: bulk + spatial marker modules,ok,,,,,,,,,,,,,,,,,,,,,FULL_parameter_recovery_all_models,0.8337054094008339,0.009578417820406679,0.007143139703993304,0.07878305580968403,0.021896090337655764,0.017725459327474494,0.07878305580968403,0.021896090337655764,0.017725459327474494,diffusion,0.2884949373841999
parameter_recovery_all_models,Pure ML: bulk + spatial marker modules,ok,,,,,,,,,,,,,,,,,,,,,FULL_parameter_recovery_all_models,0.9029041895739938,0.004815012192150738,0.003810912633354888,0.5385512191740108,0.010649389668239025,0.00898569327292452,0.5385512191740108,0.010649389668239025,0.00898569327292452,decay,0.774410279013015
parameter_recovery_all_models,Pure ML: bulk + spatial marker modules,ok,,,,,,,,,,,,,,,,,,,,,FULL_parameter_recovery_all_models,0.8274039121098277,0.003833258486716191,0.002846740178915294,-0.1155664731087438,0.009329609081777495,0.007403575408951598,-0.1155664731087438,0.009329609081777495,0.007403575408951598,injury_amp,0.032418530475839764
parameter_recovery_all_models,Pure ML: bulk + spatial marker modules,ok,,,,,,,,,,,,,,,,,,,,,FULL_parameter_recovery_all_models,0.8579488071140076,0.0028693056818276334,0.0023355707358156835,0.08615137994846545,0.008045533976159588,0.006906451350581211,0.08615137994846545,0.008045533976159588,0.006906451350581211,persistent_injury,0.2937872168149072
parameter_recovery_all_models,Pure ML: bulk + spatial marker modules,ok,,,,,,,,,,,,,,,,,,,,,FULL_parameter_recovery_all_models,0.8868619478477412,0.008856348136110003,0.007021781508844658,0.2232656641308094,0.021322568096144103,0.01817878179939049,0.2232656641308094,0.021322568096144103,0.01817878179939049,recruitment_rate,0.4844601106129941
parameter_recovery_all_models,Pure ML: bulk + spatial marker modules,ok,,,,,,,,,,,,,,,,,,,,,FULL_parameter_recovery_all_models,0.913661652388562,0.11448693589933011,0.0899144083749718,0.5321800286341014,0.25557469207456274,0.21640801156589706,0.5321800286341014,0.25557469207456274,0.21640801156589706,nfkb_gain,0.7658303952209922
parameter_recovery_all_models,Pure ML: bulk + spatial marker modules,ok,,,,,,,,,,,,,,,,,,,,,FULL_parameter_recovery_all_models,0.9048750108451145,0.1080206012645111,0.08795966131820454,0.5561286820636904,0.22727704004344326,0.19151699763021043,0.5561286820636904,0.22727704004344326,0.19151699763021043,stat3_gain,0.7845187755220225
parameter_recovery_all_models,Pure ML: bulk + spatial marker modules,ok,,,,,,,,,,,,,,,,,,,,,FULL_parameter_recovery_all_models,0.8804996267869907,0.10211791525784593,0.08040207041631009,0.18541119864254663,0.2732811602034573,0.2274026619283576,0.18541119864254663,0.2732811602034573,0.2274026619283576,ifng_gain,0.5132105151504402
parameter_recovery_all_models,Pure ML: bulk + spatial marker modules,ok,,,,,,,,,,,,,,,,,,,,,FULL_parameter_recovery_all_models,0.8913710942355842,0.10391242046172931,0.0867172771062253,0.3486034507244433,0.265176125764979,0.21583061705757733,0.3486034507244433,0.265176125764979,0.21583061705757733,tgfb_gain,0.6150418573157448
parameter_recovery_all_models,Pure ML: bulk + spatial marker modules,ok,,,,,,,,,,,,,,,,,,,,,FULL_parameter_recovery_all_models,0.8582429619292204,0.11343582575955358,0.09138371561838741,0.07642440113618543,0.3189164931832084,0.2734286949350868,0.07642440113618543,0.3189164931832084,0.2734286949350868,exhaustion_gain,0.2955871367615682
parameter_recovery_all_models,Pure ML: bulk + spatial marker modules,ok,,,,,,,,,,,,,,,,,,,,,FULL_parameter_recovery_all_models,0.8593065667318962,0.08449884116689028,0.06317529892625805,-0.0405031663519797,0.2514181934097337,0.1891524927461064,-0.0405031663519797,0.2514181934097337,0.1891524927461064,cytotoxic_gain,0.20478578986671947
parameter_recovery_all_models,Pure ML: bulk + spatial marker modules,ok,,,,,,,,,,,,,,,,,,,,,FULL_parameter_recovery_all_models,0.8595057397928567,0.08085175093639967,0.06472966922081337,-0.06385399078521936,0.22751910436292652,0.18167445776205288,-0.06385399078521936,0.22751910436292652,0.18167445776205288,migration_gain,0.13672318288166266
parameter_recovery_all_models,Mechanistic virtual-cell summaries,ok,,,,,,,,,,,,,,,,,,,,,FULL_parameter_recovery_all_models,0.9449536400949275,0.05107501874739834,0.036005253280740196,0.7838682181391047,0.10339035824088018,0.07698122998408108,0.7838682181391047,0.10339035824088018,0.07698122998408108,barrier,0.8948508366343607
parameter_recovery_all_models,Mechanistic virtual-cell summaries,ok,,,,,,,,,,,,,,,,,,,,,FULL_parameter_recovery_all_models,0.9439290028835525,0.05157072772722791,0.036081130931101234,0.7832233375573077,0.1039586350923353,0.07695016413470787,0.7832233375573077,0.1039586350923353,0.07695016413470787,ecm_density,0.8934256181991882
parameter_recovery_all_models,Mechanistic virtual-cell summaries,ok,,,,,,,,,,,,,,,,,,,,,FULL_parameter_recovery_all_models,0.9833524305994963,0.002486929469977979,0.0018399053941150925,0.8672187339984361,0.007144922838223735,0.005930103499766772,0.8672187339984361,0.007144922838223735,0.005930103499766772,repair_rate,0.9327057400296401
parameter_recovery_all_models,Mechanistic virtual-cell summaries,ok,,,,,,,,,,,,,,,,,,,,,FULL_parameter_recovery_all_models,0.8931804982522249,0.0076767958286424005,0.0062715010081358545,0.41768133277822894,0.01740868526477577,0.014043720797442429,0.41768133277822894,0.01740868526477577,0.014043720797442429,diffusion,0.6484412960691552
parameter_recovery_all_models,Mechanistic virtual-cell summaries,ok,,,,,,,,,,,,,,,,,,,,,FULL_parameter_recovery_all_models,0.984806246096705,0.0019047136297260811,0.000973352209747772,0.9503795906888663,0.0034921519965620713,0.0016784205136338736,0.9503795906888663,0.0034921519965620713,0.0016784205136338736,decay,0.9814612635768446
parameter_recovery_all_models,Mechanistic virtual-cell summaries,ok,,,,,,,,,,,,,,,,,,,,,FULL_parameter_recovery_all_models,0.9632632129035866,0.0017684924811232638,0.00132429655370796,0.7583481994107761,0.004342209145956948,0.003169635498108647,0.7583481994107761,0.004342209145956948,0.003169635498108647,injury_amp,0.8723890747402987
parameter_recovery_all_models,Mechanistic virtual-cell summaries,ok,,,,,,,,,,,,,,,,,,,,,FULL_parameter_recovery_all_models,0.9753158862177611,0.0011960880339962224,0.0008744575741066429,0.8544861335982381,0.0032104797369217966,0.0023876988827160597,0.8544861335982381,0.0032104797369217966,0.0023876988827160597,persistent_injury,0.926209880060513
parameter_recovery_all_models,Mechanistic virtual-cell summaries,ok,,,,,,,,,,,,,,,,,,,,,FULL_parameter_recovery_all_models,0.9257063176581191,0.007176724478293505,0.005296340809108132,0.42501084549521806,0.018345649196260628,0.01394773198436973,0.42501084549521806,0.018345649196260628,0.01394773198436973,recruitment_rate,0.6642783302354085
parameter_recovery_all_models,Mechanistic virtual-cell summaries,ok,,,,,,,,,,,,,,,,,,,,,FULL_parameter_recovery_all_models,0.9790824500296134,0.056352018054326894,0.04357058880561346,0.9020493963177689,0.11694509894766478,0.09165045724768855,0.9020493963177689,0.11694509894766478,0.09165045724768855,nfkb_gain,0.9504155153892682
parameter_recovery_all_models,Mechanistic virtual-cell summaries,ok,,,,,,,,,,,,,,,,,,,,,FULL_parameter_recovery_all_models,0.9989052247825542,0.01158835414687064,0.006436535544344355,0.9973573000011844,0.017536824491985802,0.013143312765394922,0.9973573000011844,0.017536824491985802,0.013143312765394922,stat3_gain,0.9986801117227971
parameter_recovery_all_models,Mechanistic virtual-cell summaries,ok,,,,,,,,,,,,,,,,,,,,,FULL_parameter_recovery_all_models,0.9645465785843383,0.05562197246281916,0.041842424758792296,0.776987846845671,0.14298969524297483,0.11285653668885112,0.776987846845671,0.14298969524297483,0.11285653668885112,ifng_gain,0.8997433882094397
parameter_recovery_all_models,Mechanistic virtual-cell summaries,ok,,,,,,,,,,,,,,,,,,,,,FULL_parameter_recovery_all_models,0.9978008010645298,0.014785193645639256,0.008176855983026761,0.9898679452245313,0.03307199997515631,0.017649992773525205,0.9898679452245313,0.03307199997515631,0.017649992773525205,tgfb_gain,0.9960435415295135
parameter_recovery_all_models,Mechanistic virtual-cell summaries,ok,,,,,,,,,,,,,,,,,,,,,FULL_parameter_recovery_all_models,0.9596079984940348,0.0605515979533127,0.04461545056522437,0.8013481614716442,0.1479064281458351,0.11900560717356713,0.8013481614716442,0.1479064281458351,0.11900560717356713,exhaustion_gain,0.9032861206573578
parameter_recovery_all_models,Mechanistic virtual-cell summaries,ok,,,,,,,,,,,,,,,,,,,,,FULL_parameter_recovery_all_models,0.9481311493666769,0.051305881228931136,0.036533344142892554,0.6260948512349002,0.1507147373683201,0.11406339070328693,0.6260948512349002,0.1507147373683201,0.11406339070328693,cytotoxic_gain,0.7949152214943732
parameter_recovery_all_models,Mechanistic virtual-cell summaries,ok,,,,,,,,,,,,,,,,,,,,,FULL_parameter_recovery_all_models,0.9969768206407559,0.011860202261577498,0.006240765022268581,0.9956880809321047,0.014484788436106837,0.011275153092965269,0.9956880809321047,0.014484788436106837,0.011275153092965269,migration_gain,0.9979286546151511
parameter_recovery_all_models,Hybrid Type I: feature concatenation,ok,,,,,,,,,,,,,,,,,,,,,FULL_parameter_recovery_all_models,0.9365200344459035,0.05484822446728676,0.03883258179938063,0.7500890018975419,0.111176604951465,0.08192657583305513,0.7500890018975419,0.111176604951465,0.08192657583305513,barrier,0.8830565113572143
parameter_recovery_all_models,Hybrid Type I: feature concatenation,ok,,,,,,,,,,,,,,,,,,,,,FULL_parameter_recovery_all_models,0.9359515790587507,0.055117350624787675,0.03871297782448473,0.7460397047891714,0.11252194168029522,0.08437397491891213,0.7460397047891714,0.11252194168029522,0.08437397491891213,ecm_density,0.8821269096583824
parameter_recovery_all_models,Hybrid Type I: feature concatenation,ok,,,,,,,,,,,,,,,,,,,,,FULL_parameter_recovery_all_models,0.9792840740769918,0.002774215707689971,0.0020932208637875665,0.8287164350819307,0.008114971279154453,0.006573070170900957,0.8287164350819307,0.008114971279154453,0.006573070170900957,repair_rate,0.9106078912498735
parameter_recovery_all_models,Hybrid Type I: feature concatenation,ok,,,,,,,,,,,,,,,,,,,,,FULL_parameter_recovery_all_models,0.8941425274468388,0.007642148572679948,0.006133413385478928,0.4005444748155538,0.017662985043432958,0.014331936007214668,0.4005444748155538,0.017662985043432958,0.014331936007214668,diffusion,0.6346055190005583
parameter_recovery_all_models,Hybrid Type I: feature concatenation,ok,,,,,,,,,,,,,,,,,,,,,FULL_parameter_recovery_all_models,0.9833374351003781,0.0019946562982243953,0.001086854983093179,0.9395259358441654,0.003855205609070576,0.002024599569536484,0.9395259358441654,0.003855205609070576,0.002024599569536484,decay,0.9755603836333643
parameter_recovery_all_models,Hybrid Type I: feature concatenation,ok,,,,,,,,,,,,,,,,,,,,,FULL_parameter_recovery_all_models,0.9477649546852599,0.002108791390980045,0.0015890056975109376,0.6645898750988528,0.005115685110612173,0.0040446107471837365,0.6645898750988528,0.005115685110612173,0.0040446107471837365,injury_amp,0.8212381202190109
parameter_recovery_all_models,Hybrid Type I: feature concatenation,ok,,,,,,,,,,,,,,,,,,,,,FULL_parameter_recovery_all_models,0.97541207951737,0.0011937551982554395,0.0008733404229856208,0.8289347514320994,0.0034809568468248744,0.0026695992110683004,0.8289347514320994,0.0034809568468248744,0.0026695992110683004,persistent_injury,0.9112241811343768
parameter_recovery_all_models,Hybrid Type I: feature concatenation,ok,,,,,,,,,,,,,,,,,,,,,FULL_parameter_recovery_all_models,0.9309342074660568,0.006919613401823806,0.005222508508477325,0.45283375256276304,0.01789628585114974,0.013143732100282102,0.45283375256276304,0.01789628585114974,0.013143732100282102,recruitment_rate,0.677477407369476
parameter_recovery_all_models,Hybrid Type I: feature concatenation,ok,,,,,,,,,,,,,,,,,,,,,FULL_parameter_recovery_all_models,0.9802909225613179,0.05469998582543893,0.04317077501397973,0.9008363152368603,0.11766703096290465,0.09044191703257454,0.9008363152368603,0.11766703096290465,0.09044191703257454,nfkb_gain,0.9500202747144155
parameter_recovery_all_models,Hybrid Type I: feature concatenation,ok,,,,,,,,,,,,,,,,,,,,,FULL_parameter_recovery_all_models,0.9987825259907874,0.012220504337033406,0.0069585585356012085,0.996668865170704,0.019688975973297492,0.01518083750413124,0.996668865170704,0.019688975973297492,0.01518083750413124,stat3_gain,0.9983501836770312
parameter_recovery_all_models,Hybrid Type I: feature concatenation,ok,,,,,,,,,,,,,,,,,,,,,FULL_parameter_recovery_all_models,0.9665210958842541,0.054050899534326555,0.039773252053910454,0.7656789709600316,0.14657034432692384,0.11564700523207687,0.7656789709600316,0.14657034432692384,0.11564700523207687,ifng_gain,0.895469781948395
parameter_recovery_all_models,Hybrid Type I: feature concatenation,ok,,,,,,,,,,,,,,,,,,,,,FULL_parameter_recovery_all_models,0.9974505870593389,0.01591896587026956,0.008726940424925897,0.985065224196087,0.04015235738372289,0.020040286009523855,0.985065224196087,0.04015235738372289,0.020040286009523855,tgfb_gain,0.9940994389464529
parameter_recovery_all_models,Hybrid Type I: feature concatenation,ok,,,,,,,,,,,,,,,,,,,,,FULL_parameter_recovery_all_models,0.9585050721316766,0.06137272810037703,0.0453660999512835,0.779529941020997,0.15581726029559173,0.12625402845804035,0.779529941020997,0.15581726029559173,0.12625402845804035,exhaustion_gain,0.8993074599587181
parameter_recovery_all_models,Hybrid Type I: feature concatenation,ok,,,,,,,,,,,,,,,,,,,,,FULL_parameter_recovery_all_models,0.9497383282734724,0.05050475909029222,0.036598086765480334,0.5897424195773635,0.15787134372990264,0.11822158570664114,0.5897424195773635,0.15787134372990264,0.11822158570664114,cytotoxic_gain,0.7725721457108649
parameter_recovery_all_models,Hybrid Type I: feature concatenation,ok,,,,,,,,,,,,,,,,,,,,,FULL_parameter_recovery_all_models,0.9967164028325888,0.012360472558088993,0.006642639458186533,0.994862623233644,0.01581057135528367,0.012220362967892553,0.994862623233644,0.01581057135528367,0.012220362967892553,migration_gain,0.9974967585252147
parameter_recovery_all_models,Hybrid Type IV/V: biology-informed residual-dynamics proxy,ok,,,,,,,,,,,,,,,,,,,,,FULL_parameter_recovery_all_models,0.8571354723474214,0.08228230266099822,0.0636455831281896,0.150169669870177,0.205015566025081,0.16664509151049903,0.150169669870177,0.205015566025081,0.16664509151049903,barrier,0.4425258493683296
parameter_recovery_all_models,Hybrid Type IV/V: biology-informed residual-dynamics proxy,ok,,,,,,,,,,,,,,,,,,,,,FULL_parameter_recovery_all_models,0.8576238098876713,0.08217747708140605,0.06348735322962033,0.16390063289118117,0.20416592161655703,0.16714437810569005,0.16390063289118117,0.20416592161655703,0.16714437810569005,ecm_density,0.46085389409949773
parameter_recovery_all_models,Hybrid Type IV/V: biology-informed residual-dynamics proxy,ok,,,,,,,,,,,,,,,,,,,,,FULL_parameter_recovery_all_models,0.956100502872078,0.0040384789581250176,0.003097434122638701,0.7837115411046632,0.009118970558000473,0.006931392765311143,0.7837115411046632,0.009118970558000473,0.006931392765311143,repair_rate,0.8880091588453852
parameter_recovery_all_models,Hybrid Type IV/V: biology-informed residual-dynamics proxy,ok,,,,,,,,,,,,,,,,,,,,,FULL_parameter_recovery_all_models,0.8546256909813054,0.008955679606397433,0.006814630117780096,0.07470970190452542,0.021944446020521525,0.017164791861636584,0.07470970190452542,0.021944446020521525,0.017164791861636584,diffusion,0.2839588085612439
parameter_recovery_all_models,Hybrid Type IV/V: biology-informed residual-dynamics proxy,ok,,,,,,,,,,,,,,,,,,,,,FULL_parameter_recovery_all_models,0.9217455836491737,0.00432266494333381,0.0032879098280400925,0.5523573385328306,0.010488869971825913,0.008240875593832266,0.5523573385328306,0.010488869971825913,0.008240875593832266,decay,0.7438575175991964
parameter_recovery_all_models,Hybrid Type IV/V: biology-informed residual-dynamics proxy,ok,,,,,,,,,,,,,,,,,,,,,FULL_parameter_recovery_all_models,0.8365726797303104,0.0037300526490021894,0.0027844339589310854,-0.14464622541230643,0.009450425444453972,0.007784082789965471,-0.14464622541230643,0.009450425444453972,0.007784082789965471,injury_amp,-0.06368612047428458
parameter_recovery_all_models,Hybrid Type IV/V: biology-informed residual-dynamics proxy,ok,,,,,,,,,,,,,,,,,,,,,FULL_parameter_recovery_all_models,0.9603497253420388,0.001515924164265529,0.0010639719638176782,0.7812031518882231,0.003936753966526785,0.0029623093951343525,0.7812031518882231,0.003936753966526785,0.0029623093951343525,persistent_injury,0.8876074659398921
parameter_recovery_all_models,Hybrid Type IV/V: biology-informed residual-dynamics proxy,ok,,,,,,,,,,,,,,,,,,,,,FULL_parameter_recovery_all_models,0.926456728923366,0.007140387854276207,0.0053826600139882,0.30558040008153753,0.02016110090793221,0.016093698328429967,0.30558040008153753,0.02016110090793221,0.016093698328429967,recruitment_rate,0.5893158833925006
parameter_recovery_all_models,Hybrid Type IV/V: biology-informed residual-dynamics proxy,ok,,,,,,,,,,,,,,,,,,,,,FULL_parameter_recovery_all_models,0.9436680125396851,0.09247654649920375,0.07027087931080055,0.671138245779468,0.21428173382880852,0.16343637947200107,0.671138245779468,0.21428173382880852,0.16343637947200107,nfkb_gain,0.8286693114340085
parameter_recovery_all_models,Hybrid Type IV/V: biology-informed residual-dynamics proxy,ok,,,,,,,,,,,,,,,,,,,,,FULL_parameter_recovery_all_models,0.9455374465284796,0.08173504006786655,0.06332453315800253,0.6520190008676354,0.20123558876934988,0.15561301136554292,0.6520190008676354,0.20123558876934988,0.15561301136554292,stat3_gain,0.8094770474642541
parameter_recovery_all_models,Hybrid Type IV/V: biology-informed residual-dynamics proxy,ok,,,,,,,,,,,,,,,,,,,,,FULL_parameter_recovery_all_models,0.9241438796982213,0.0813603152372502,0.06341172279562195,0.45990674897747874,0.22252297130047116,0.17606646395502815,0.45990674897747874,0.22252297130047116,0.17606646395502815,ifng_gain,0.7194970287909485
parameter_recovery_all_models,Hybrid Type IV/V: biology-informed residual-dynamics proxy,ok,,,,,,,,,,,,,,,,,,,,,FULL_parameter_recovery_all_models,0.9401563753996341,0.07712651422584617,0.06097788732880609,0.6946299259920918,0.1815619889441428,0.14821446475901218,0.6946299259920918,0.1815619889441428,0.14821446475901218,tgfb_gain,0.8339353208131439
parameter_recovery_all_models,Hybrid Type IV/V: biology-informed residual-dynamics proxy,ok,,,,,,,,,,,,,,,,,,,,,FULL_parameter_recovery_all_models,0.91213680267297,0.08930616151163014,0.06916922115100556,0.5003150529461449,0.23457886903684658,0.19253895309265928,0.5003150529461449,0.23457886903684658,0.19253895309265928,exhaustion_gain,0.7261115559921127
parameter_recovery_all_models,Hybrid Type IV/V: biology-informed residual-dynamics proxy,ok,,,,,,,,,,,,,,,,,,,,,FULL_parameter_recovery_all_models,0.9043758389893635,0.06966227575485134,0.05215492860044978,0.2211382084222726,0.21752300686831583,0.16588684431736703,0.2211382084222726,0.21752300686831583,0.16588684431736703,cytotoxic_gain,0.4893928128796638
parameter_recovery_all_models,Hybrid Type IV/V: biology-informed residual-dynamics proxy,ok,,,,,,,,,,,,,,,,,,,,,FULL_parameter_recovery_all_models,0.8673196355356599,0.07857121454859069,0.06197513680336508,0.020916304488087678,0.21826633953233565,0.17126333136665167,0.020916304488087678,0.21826633953233565,0.17126333136665167,migration_gain,0.20988099246424752
parameter_recovery_all_models,Hybrid Type II: MM prediction + AI residual correction,"failed: Found input variables with inconsistent numbers of samples: [187, 150]",,,,,,,,,,,,,,,,,,,,,FULL_parameter_recovery_all_models,,,,,,,,,,,
parameter_recovery_all_models,Hybrid Type III: AI-inferred parameters -> MM surrogate,ok,,,,,,,,,,,,,,,,,,,,,FULL_parameter_recovery_all_models,0.8362273238508126,0.0880977780276672,0.06759980061628677,-0.0944840462374763,0.23266199134556761,0.1913110701019862,-0.0944840462374763,0.23266199134556761,0.1913110701019862,barrier,-0.1313552934262701
parameter_recovery_all_models,Hybrid Type III: AI-inferred parameters -> MM surrogate,ok,,,,,,,,,,,,,,,,,,,,,FULL_parameter_recovery_all_models,0.8340576652281884,0.08871819928825597,0.068385562305083,-0.09109475794232402,0.23323060602853568,0.19269759804721281,-0.09109475794232402,0.23323060602853568,0.19269759804721281,ecm_density,-0.12601158462497036
parameter_recovery_all_models,Hybrid Type III: AI-inferred parameters -> MM surrogate,ok,,,,,,,,,,,,,,,,,,,,,FULL_parameter_recovery_all_models,0.8469382833120522,0.007540868051473507,0.005842978432583948,0.1474583635391572,0.01810451685602385,0.014696039333644573,0.1474583635391572,0.01810451685602385,0.014696039333644573,repair_rate,0.424858808944138
parameter_recovery_all_models,Hybrid Type III: AI-inferred parameters -> MM surrogate,ok,,,,,,,,,,,,,,,,,,,,,FULL_parameter_recovery_all_models,0.8381977026321206,0.009448156061638912,0.007164731265385468,-0.024059216725642152,0.02308597137306415,0.018454392695436653,-0.024059216725642152,0.02308597137306415,0.018454392695436653,diffusion,0.06631591284911509
parameter_recovery_all_models,Hybrid Type III: AI-inferred parameters -> MM surrogate,ok,,,,,,,,,,,,,,,,,,,,,FULL_parameter_recovery_all_models,0.8946836115035909,0.005014701936848307,0.004025177406636144,0.5029379705385623,0.011052696922583516,0.009332986107456405,0.5029379705385623,0.011052696922583516,0.009332986107456405,decay,0.7783013997640339
parameter_recovery_all_models,Hybrid Type III: AI-inferred parameters -> MM surrogate,ok,,,,,,,,,,,,,,,,,,,,,FULL_parameter_recovery_all_models,0.8321034823780977,0.0037807109597266784,0.0028085452374529574,-0.14970625319653452,0.009471290705297505,0.007684231759033048,-0.14970625319653452,0.009471290705297505,0.007684231759033048,injury_amp,-0.1038215261847797
parameter_recovery_all_models,Hybrid Type III: AI-inferred parameters -> MM surrogate,ok,,,,,,,,,,,,,,,,,,,,,FULL_parameter_recovery_all_models,0.8545566957640636,0.0029033623586092352,0.0023906255393308005,0.05769822297725202,0.008169824890022584,0.007057094379670743,0.05769822297725202,0.008169824890022584,0.007057094379670743,persistent_injury,0.24126542571657955
parameter_recovery_all_models,Hybrid Type III: AI-inferred parameters -> MM surrogate,ok,,,,,,,,,,,,,,,,,,,,,FULL_parameter_recovery_all_models,0.8850229048313274,0.008928037328435551,0.007274864118090963,0.2563142189270817,0.020864020328971486,0.018125450899909464,0.2563142189270817,0.020864020328971486,0.018125450899909464,recruitment_rate,0.5085327108007437
parameter_recovery_all_models,Hybrid Type III: AI-inferred parameters -> MM surrogate,ok,,,,,,,,,,,,,,,,,,,,,FULL_parameter_recovery_all_models,0.9038506605840465,0.12081676928777471,0.09469353153713918,0.49199675761474504,0.26632486117633053,0.22342384488654507,0.49199675761474504,0.26632486117633053,0.22342384488654507,nfkb_gain,0.7492647461388694
parameter_recovery_all_models,Hybrid Type III: AI-inferred parameters -> MM surrogate,ok,,,,,,,,,,,,,,,,,,,,,FULL_parameter_recovery_all_models,0.8956216477415607,0.11315258983707566,0.09136614678141866,0.4420621117012964,0.2548120433655778,0.20694246204378003,0.4420621117012964,0.2548120433655778,0.20694246204378003,stat3_gain,0.7044608803147878
parameter_recovery_all_models,Hybrid Type III: AI-inferred parameters -> MM surrogate,ok,,,,,,,,,,,,,,,,,,,,,FULL_parameter_recovery_all_models,0.8711976336095175,0.10601790801057254,0.0834770816858423,0.12099209739866323,0.2838813520104247,0.239415566311514,0.12099209739866323,0.2838813520104247,0.239415566311514,ifng_gain,0.42337517544103404
parameter_recovery_all_models,Hybrid Type III: AI-inferred parameters -> MM surrogate,ok,,,,,,,,,,,,,,,,,,,,,FULL_parameter_recovery_all_models,0.8811850145179605,0.10867518002818105,0.09149357685318311,0.30364385550211614,0.2741747148716201,0.21699351300694164,0.30364385550211614,0.2741747148716201,0.21699351300694164,tgfb_gain,0.5930780902084993
parameter_recovery_all_models,Hybrid Type III: AI-inferred parameters -> MM surrogate,ok,,,,,,,,,,,,,,,,,,,,,FULL_parameter_recovery_all_models,0.8599016612276332,0.11277021657981916,0.09356625696442514,0.06024598978010476,0.3216976205633715,0.2813394966450352,0.06024598978010476,0.3216976205633715,0.2813394966450352,exhaustion_gain,0.2524117758313358
parameter_recovery_all_models,Hybrid Type III: AI-inferred parameters -> MM surrogate,ok,,,,,,,,,,,,,,,,,,,,,FULL_parameter_recovery_all_models,0.862826087503521,0.0834352558635689,0.06356612620852513,-0.03529675962591372,0.2507883890128817,0.1886427845137658,-0.03529675962591372,0.2507883890128817,0.1886427845137658,cytotoxic_gain,0.1817334258372147
parameter_recovery_all_models,Hybrid Type III: AI-inferred parameters -> MM surrogate,ok,,,,,,,,,,,,,,,,,,,,,FULL_parameter_recovery_all_models,0.8639287316234859,0.07956890016495366,0.06420068660048855,-0.057019728214525056,0.22678712864083148,0.18318282508997222,-0.057019728214525056,0.22678712864083148,0.18318282508997222,migration_gain,0.09457041579417652
parameter_recovery_all_models,Hybrid Type III: AI-inferred parameters -> MM surrogate,failed: `x` and `y` must be broadcastable.,,,,,,,,,,,,,,,,,,,,,FULL_parameter_recovery_all_models,,,,,,,,,,,
parameter_recovery_all_models,Hybrid Type III+: parameterized MM + AI residual,failed: `x` and `y` must be broadcastable.,,,,,,,,,,,,,,,,,,,,,FULL_parameter_recovery_all_models,,,,,,,,,,,
parameter_recovery_all_models,Hybrid Type VII: simulator surrogate with true parameters (oracle diagnostic),failed: `x` and `y` must be broadcastable.,,,,,,,,,,,,,,,,,,,,,FULL_parameter_recovery_all_models,,,,,,,,,,,
parameter_recovery_all_models,Hybrid Type V: Neural-ODE learned residual dynamics,ok,,,,,,,,,,,,,,,,,,,,,FULL_parameter_recovery_all_models,0.757060029625153,0.10729851691092279,0.08025155834341405,-0.07435131091815883,0.2305121822549331,0.18395393383031197,-0.07435131091815883,0.2305121822549331,0.18395393383031197,barrier,0.03982817329447193
parameter_recovery_all_models,Hybrid Type V: Neural-ODE learned residual dynamics,ok,,,,,,,,,,,,,,,,,,,,,FULL_parameter_recovery_all_models,0.7573283287695572,0.10728615000170325,0.08061820381646681,-0.07445621298521066,0.2314454603929766,0.1859309991481856,-0.07445621298521066,0.2314454603929766,0.1859309991481856,ecm_density,0.03699031321574762
parameter_recovery_all_models,Hybrid Type V: Neural-ODE learned residual dynamics,ok,,,,,,,,,,,,,,,,,,,,,FULL_parameter_recovery_all_models,0.8173646964166228,0.00823721529316969,0.006405057609415404,-0.011804355697376145,0.01972320154946868,0.01596954070305127,-0.011804355697376145,0.01972320154946868,0.01596954070305127,repair_rate,0.2559642769432608
parameter_recovery_all_models,Hybrid Type V: Neural-ODE learned residual dynamics,ok,,,,,,,,,,,,,,,,,,,,,FULL_parameter_recovery_all_models,0.7814577186276895,0.010980508501990007,0.008359018482720752,-0.4460227313466505,0.027432992041735656,0.022620243621736376,-0.4460227313466505,0.027432992041735656,0.022620243621736376,diffusion,-0.00164800148040759
parameter_recovery_all_models,Hybrid Type V: Neural-ODE learned residual dynamics,ok,,,,,,,,,,,,,,,,,,,,,FULL_parameter_recovery_all_models,0.8432042308759533,0.0061187726323775,0.0045063236713707815,-0.3499672757573018,0.018214807569680042,0.014629175838297087,-0.3499672757573018,0.018214807569680042,0.014629175838297087,decay,0.19265925862640534
parameter_recovery_all_models,Hybrid Type V: Neural-ODE learned residual dynamics,ok,,,,,,,,,,,,,,,,,,,,,FULL_parameter_recovery_all_models,0.7384970439052154,0.004718358477410158,0.0034849803240688095,-0.20828363492090163,0.009709573792687805,0.007852673440001639,-0.20828363492090163,0.009709573792687805,0.007852673440001639,injury_amp,-0.12682285464336088
parameter_recovery_all_models,Hybrid Type V: Neural-ODE learned residual dynamics,ok,,,,,,,,,,,,,,,,,,,,,FULL_parameter_recovery_all_models,0.8338257180984121,0.0031033894623029856,0.0023431116897696105,-0.40593389640255495,0.009979302646496798,0.008544690901926378,-0.40593389640255495,0.009979302646496798,0.008544690901926378,persistent_injury,0.09277952794313002
parameter_recovery_all_models,Hybrid Type V: Neural-ODE learned residual dynamics,ok,,,,,,,,,,,,,,,,,,,,,FULL_parameter_recovery_all_models,0.806051838971671,0.011595598364007823,0.008635480734088574,0.030799120675010117,0.023818266922241677,0.019310748437319135,0.030799120675010117,0.023818266922241677,0.019310748437319135,recruitment_rate,0.43750473143610025
parameter_recovery_all_models,Hybrid Type V: Neural-ODE learned residual dynamics,ok,,,,,,,,,,,,,,,,,,,,,FULL_parameter_recovery_all_models,0.8844830454875553,0.13242711907706367,0.09665719051356156,-0.5054297666244167,0.45846767104836494,0.3551095796923827,-0.5054297666244167,0.45846767104836494,0.3551095796923827,nfkb_gain,0.27295140061168766
parameter_recovery_all_models,Hybrid Type V: Neural-ODE learned residual dynamics,ok,,,,,,,,,,,,,,,,,,,,,FULL_parameter_recovery_all_models,0.8847074013582582,0.11892139478326952,0.0914284498358027,-0.3225682432489627,0.3923160434074134,0.309385627737429,-0.3225682432489627,0.3923160434074134,0.309385627737429,stat3_gain,0.3127632108587239
parameter_recovery_all_models,Hybrid Type V: Neural-ODE learned residual dynamics,ok,,,,,,,,,,,,,,,,,,,,,FULL_parameter_recovery_all_models,0.8662270038108751,0.10804421946853587,0.08433498028455709,-0.5191433370357674,0.3731984675292862,0.28829297235038664,-0.5191433370357674,0.3731984675292862,0.28829297235038664,ifng_gain,0.25170839518812244
parameter_recovery_all_models,Hybrid Type V: Neural-ODE learned residual dynamics,ok,,,,,,,,,,,,,,,,,,,,,FULL_parameter_recovery_all_models,0.9113044477540613,0.09389569475277777,0.07062148449358967,-0.466675899785713,0.3979044281995224,0.3167869707740361,-0.466675899785713,0.3979044281995224,0.3167869707740361,tgfb_gain,0.31925937793398906
parameter_recovery_all_models,Hybrid Type V: Neural-ODE learned residual dynamics,ok,,,,,,,,,,,,,,,,,,,,,FULL_parameter_recovery_all_models,0.8238997284043199,0.12643226974721905,0.09674085315840147,-0.40371008873492853,0.3931691788488209,0.31214070214410905,-0.40371008873492853,0.3931691788488209,0.31214070214410905,exhaustion_gain,0.0868139582910751
parameter_recovery_all_models,Hybrid Type V: Neural-ODE learned residual dynamics,ok,,,,,,,,,,,,,,,,,,,,,FULL_parameter_recovery_all_models,0.8379756598604047,0.09067842534712199,0.06738892280706722,-0.44638076278242256,0.29642601580366484,0.236645267127897,-0.44638076278242256,0.29642601580366484,0.236645267127897,cytotoxic_gain,0.2082713244061352
parameter_recovery_all_models,Hybrid Type V: Neural-ODE learned residual dynamics,ok,,,,,,,,,,,,,,,,,,,,,FULL_parameter_recovery_all_models,0.8010277939739643,0.09621800459492438,0.07524817034405637,-0.2734486877807982,0.2489244642110867,0.20477829554087393,-0.2734486877807982,0.2489244642110867,0.20477829554087393,migration_gain,-0.015500185483085136
parameter_recovery_all_models,Hybrid Type IV: reduced state-space PINN,ok,,,,,,,,,,,,,,,,,,,,,FULL_parameter_recovery_all_models,0.6685756531983262,0.12532463157479487,0.09219054748163708,-0.21629813895459749,0.2452679178675981,0.19502179908798112,-0.21629813895459749,0.2452679178675981,0.19502179908798112,barrier,0.0002304564872404706
parameter_recovery_all_models,Hybrid Type IV: reduced state-space PINN,ok,,,,,,,,,,,,,,,,,,,,,FULL_parameter_recovery_all_models,0.6679851196784758,0.12549109084734403,0.09224909982666818,-0.21872121189228144,0.24649407875841498,0.19415081243944549,-0.21872121189228144,0.24649407875841498,0.19415081243944549,ecm_density,-0.014680245315770158
parameter_recovery_all_models,Hybrid Type IV: reduced state-space PINN,ok,,,,,,,,,,,,,,,,,,,,,FULL_parameter_recovery_all_models,0.7438765704637404,0.00975467278778625,0.007498471895828532,-0.5055816802688062,0.024059206585735744,0.01824070100828794,-0.5055816802688062,0.024059206585735744,0.01824070100828794,repair_rate,0.2745501383279043
parameter_recovery_all_models,Hybrid Type IV: reduced state-space PINN,ok,,,,,,,,,,,,,,,,,,,,,FULL_parameter_recovery_all_models,0.5166235175372127,0.01633042452794761,0.012705734377326146,-0.23013903943247938,0.02530245832178516,0.0209647046160169,-0.23013903943247938,0.02530245832178516,0.0209647046160169,diffusion,0.019054598802738913
parameter_recovery_all_models,Hybrid Type IV: reduced state-space PINN,ok,,,,,,,,,,,,,,,,,,,,,FULL_parameter_recovery_all_models,0.7421289960350708,0.00784690511595356,0.00603586666978343,-0.7974304921292792,0.021017885387531094,0.016448547519610814,-0.7974304921292792,0.021017885387531094,0.016448547519610814,decay,0.3045938584792954
parameter_recovery_all_models,Hybrid Type IV: reduced state-space PINN,ok,,,,,,,,,,,,,,,,,,,,,FULL_parameter_recovery_all_models,0.6329327033629275,0.005590175966106668,0.004241788887422652,-0.33034809215614613,0.010188221201685181,0.008132152862126724,-0.33034809215614613,0.010188221201685181,0.008132152862126724,injury_amp,-0.07574912060272192
parameter_recovery_all_models,Hybrid Type IV: reduced state-space PINN,ok,,,,,,,,,,,,,,,,,,,,,FULL_parameter_recovery_all_models,0.7171657359216763,0.004048744642415523,0.003194337162459001,-1.222928646211109,0.01254817319170259,0.010924134144914298,-1.222928646211109,0.01254817319170259,0.010924134144914298,persistent_injury,-0.07269258696964344
parameter_recovery_all_models,Hybrid Type IV: reduced state-space PINN,ok,,,,,,,,,,,,,,,,,,,,,FULL_parameter_recovery_all_models,0.7687967185758194,0.012660397109677429,0.009784697867112164,-0.4478349669290089,0.029111379696256393,0.022986034928255013,-0.4478349669290089,0.029111379696256393,0.022986034928255013,recruitment_rate,-0.21664815866698595
parameter_recovery_all_models,Hybrid Type IV: reduced state-space PINN,ok,,,,,,,,,,,,,,,,,,,,,FULL_parameter_recovery_all_models,0.7996964672066605,0.17438068141842447,0.13995781756769152,-0.5360510816958852,0.4631069476562406,0.35228518727350666,-0.5360510816958852,0.4631069476562406,0.35228518727350666,nfkb_gain,-0.09140091316410676
parameter_recovery_all_models,Hybrid Type IV: reduced state-space PINN,ok,,,,,,,,,,,,,,,,,,,,,FULL_parameter_recovery_all_models,0.798183650581626,0.1573393867967248,0.12512062382762623,-1.1963353162365493,0.5055642380495463,0.41010416651974096,-1.1963353162365493,0.5055642380495463,0.41010416651974096,stat3_gain,0.054101229827099986
parameter_recovery_all_models,Hybrid Type IV: reduced state-space PINN,ok,,,,,,,,,,,,,,,,,,,,,FULL_parameter_recovery_all_models,0.7152378107526562,0.15763711239074227,0.1258293549545029,-0.36318541666212,0.35352321721060004,0.2719259266482711,-0.36318541666212,0.35352321721060004,0.2719259266482711,ifng_gain,-0.08888872588806072
parameter_recovery_all_models,Hybrid Type IV: reduced state-space PINN,ok,,,,,,,,,,,,,,,,,,,,,FULL_parameter_recovery_all_models,0.7220802463084961,0.16620897328825107,0.12730703154926346,-1.2394628436469035,0.4916812251330423,0.37214785135098455,-1.2394628436469035,0.4916812251330423,0.37214785135098455,tgfb_gain,-0.04923230315802581
parameter_recovery_all_models,Hybrid Type IV: reduced state-space PINN,ok,,,,,,,,,,,,,,,,,,,,,FULL_parameter_recovery_all_models,0.5306462100221643,0.20640874166155423,0.1595700010672933,-0.12318938257041911,0.35169585474919185,0.3032641009944243,-0.12318938257041911,0.35169585474919185,0.3032641009944243,exhaustion_gain,0.001741120602690359
parameter_recovery_all_models,Hybrid Type IV: reduced state-space PINN,ok,,,,,,,,,,,,,,,,,,,,,FULL_parameter_recovery_all_models,0.6398411930682077,0.1351950711509015,0.10798606392545934,-0.2631232297419748,0.2770115385622501,0.21955627619159365,-0.2631232297419748,0.2770115385622501,0.21955627619159365,cytotoxic_gain,-0.1972534923554159
parameter_recovery_all_models,Hybrid Type IV: reduced state-space PINN,ok,,,,,,,,,,,,,,,,,,,,,FULL_parameter_recovery_all_models,0.5882050248829689,0.1384205785216321,0.1126231857649222,-0.27354789888497955,0.2489341605538628,0.2031945123658051,-0.27354789888497955,0.2489341605538628,0.2031945123658051,migration_gain,-0.074426331477883
regime_classification,Pure ML: pseudo-bulk marker modules,,,,,,,,,,,,,,,,,,0.42,0.41999999999999993,,,original_classification,,,,,,,,,,,
regime_classification,Pure ML: RNAseq-like gene features,,,,,,,,,,,,,,,,,,0.26,0.25999999999999995,,,original_classification,,,,,,,,,,,
regime_classification,Pure ML: bulk + spatial marker modules,,,,,,,,,,,,,,,,,,0.48,0.4800000000000001,,,original_classification,,,,,,,,,,,
regime_classification,Mechanistic virtual-cell summaries,,,,,,,,,,,,,,,,,,0.96,0.96,,,original_classification,,,,,,,,,,,
regime_classification,Hybrid: RNAseq + marker modules + spatial + virtual-cell MM,,,,,,,,,,,,,,,,,,0.96,0.96,,,original_classification,,,,,,,,,,,
regime_classification,Hybrid: marker modules + spatial + virtual-cell MM,,,,,,,,,,,,,,,,,,0.96,0.96,,,original_classification,,,,,,,,,,,
future_inflammatory_burden_prediction,Pure ML: pseudo-bulk marker modules,,,,,,,,,,,,,,,,,,,,,,original_future_burden,,,,,,,0.5492991861774896,0.07100540754564444,0.05770059500195213,,
future_inflammatory_burden_prediction,Pure ML: RNAseq-like gene features,,,,,,,,,,,,,,,,,,,,,,original_future_burden,,,,,,,0.3956755227478065,0.0822209226316559,0.0682863974175957,,
future_inflammatory_burden_prediction,Pure ML: bulk + spatial marker modules,,,,,,,,,,,,,,,,,,,,,,original_future_burden,,,,,,,0.7136875034527688,0.05659361099321973,0.043665613330862385,,
future_inflammatory_burden_prediction,Mechanistic virtual-cell summaries,,,,,,,,,,,,,,,,,,,,,,original_future_burden,,,,,,,0.996587127831814,0.006178844479036009,0.0035948851705458946,,
future_inflammatory_burden_prediction,Hybrid: RNAseq + marker modules + spatial + virtual-cell MM,,,,,,,,,,,,,,,,,,,,,,original_future_burden,,,,,,,0.9963776882339862,0.006365612041747427,0.004096539680963396,,
future_inflammatory_burden_prediction,Hybrid: marker modules + spatial + virtual-cell MM,,,,,,,,,,,,,,,,,,,,,,original_future_burden,,,,,,,0.9963776882339862,0.006365612041747442,0.004096539680963408,,
best_intervention_prediction,Pure ML: pseudo-bulk marker modules,,,,,,,,,,,,,,,,,,0.4,0.18181818181818182,,,original_best_intervention,,,,,,,,,,,
best_intervention_prediction,Pure ML: RNAseq-like gene features,,,,,,,,,,,,,,,,,,0.42,0.19090909090909092,,,original_best_intervention,,,,,,,,,,,
best_intervention_prediction,Pure ML: bulk + spatial marker modules,,,,,,,,,,,,,,,,,,0.4,0.18181818181818182,,,original_best_intervention,,,,,,,,,,,
best_intervention_prediction,Mechanistic virtual-cell summaries,,,,,,,,,,,,,,,,,,0.44,0.26147186147186147,,,original_best_intervention,,,,,,,,,,,
best_intervention_prediction,Hybrid: RNAseq + marker modules + spatial + virtual-cell MM,,,,,,,,,,,,,,,,,,0.38,0.1831168831168831,,,original_best_intervention,,,,,,,,,,,
best_intervention_prediction,Hybrid: marker modules + spatial + virtual-cell MM,,,,,,,,,,,,,,,,,,0.38,0.1831168831168831,,,original_best_intervention,,,,,,,,,,,
parameter_recovery,Pure ML: pseudo-bulk marker modules,,,,,,,,,,,,,,,,,,,,,,original_parameter_recovery,,,,,,,-0.09171146312142198,0.23236711095851167,0.1955289864183267,barrier,0.04657419692033312
parameter_recovery,Pure ML: pseudo-bulk marker modules,,,,,,,,,,,,,,,,,,,,,,original_parameter_recovery,,,,,,,-0.06379977356845035,0.23029486421090037,0.19524772140812993,ecm_density,0.08374499457942573
parameter_recovery,Pure ML: pseudo-bulk marker modules,,,,,,,,,,,,,,,,,,,,,,original_parameter_recovery,,,,,,,0.09304595281069661,0.018673330419239173,0.014791398702517049,repair_rate,0.3174253845672124
parameter_recovery,Pure ML: pseudo-bulk marker modules,,,,,,,,,,,,,,,,,,,,,,original_parameter_recovery,,,,,,,-0.005265607989668908,0.02287315272855476,0.01875709094237886,diffusion,0.17235475833482689
parameter_recovery,Pure ML: pseudo-bulk marker modules,,,,,,,,,,,,,,,,,,,,,,original_parameter_recovery,,,,,,,0.2254256068374242,0.0137973135749842,0.011435992155485518,decay,0.5113069597894991
parameter_recovery,Pure ML: pseudo-bulk marker modules,,,,,,,,,,,,,,,,,,,,,,original_parameter_recovery,,,,,,,-0.128739435918505,0.00938453091584568,0.007493930171504186,injury_amp,0.030286811054846513
parameter_recovery,Pure ML: pseudo-bulk marker modules,,,,,,,,,,,,,,,,,,,,,,original_parameter_recovery,,,,,,,-0.059865018650795854,0.008664490345864717,0.007439721928113501,persistent_injury,-0.03250168532483677
parameter_recovery,Pure ML: pseudo-bulk marker modules,,,,,,,,,,,,,,,,,,,,,,original_parameter_recovery,,,,,,,0.035118794280734056,0.023765129312750728,0.019562281372651025,recruitment_rate,0.28504825190637273
parameter_recovery,Pure ML: pseudo-bulk marker modules,,,,,,,,,,,,,,,,,,,,,,original_parameter_recovery,,,,,,,0.21963326069504763,0.33008656063778646,0.2583763020831529,nfkb_gain,0.4749170140087905
parameter_recovery,Pure ML: pseudo-bulk marker modules,,,,,,,,,,,,,,,,,,,,,,original_parameter_recovery,,,,,,,0.18545428223463678,0.30788232375902186,0.2486922272139659,stat3_gain,0.43159893267685495
parameter_recovery,Pure ML: pseudo-bulk marker modules,,,,,,,,,,,,,,,,,,,,,,original_parameter_recovery,,,,,,,0.05100951951051913,0.29496562258659936,0.24326613191396362,ifng_gain,0.34869797013595477
parameter_recovery,Pure ML: pseudo-bulk marker modules,,,,,,,,,,,,,,,,,,,,,,original_parameter_recovery,,,,,,,0.16534488143756043,0.30016857603870084,0.24396753866858303,tgfb_gain,0.41414177525572876
parameter_recovery,Pure ML: pseudo-bulk marker modules,,,,,,,,,,,,,,,,,,,,,,original_parameter_recovery,,,,,,,0.041355916949748495,0.32491476915388656,0.2853777757391913,exhaustion_gain,0.2432841539398202
parameter_recovery,Pure ML: pseudo-bulk marker modules,,,,,,,,,,,,,,,,,,,,,,original_parameter_recovery,,,,,,,-0.1233955914127427,0.26124101107761505,0.19683821722567704,cytotoxic_gain,0.12593626926321977
parameter_recovery,Pure ML: pseudo-bulk marker modules,,,,,,,,,,,,,,,,,,,,,,original_parameter_recovery,,,,,,,-0.14239657567255048,0.23576824038400493,0.19316278232608597,migration_gain,0.049496517955252936
parameter_recovery,Pure ML: RNAseq-like gene features,,,,,,,,,,,,,,,,,,,,,,original_parameter_recovery,,,,,,,-0.06175180701845484,0.22915652484465404,0.18562327980210405,barrier,-0.057962015575378736
parameter_recovery,Pure ML: RNAseq-like gene features,,,,,,,,,,,,,,,,,,,,,,original_parameter_recovery,,,,,,,-0.06393416071497438,0.230309410036663,0.18793060502073536,ecm_density,-0.05511830395187179
parameter_recovery,Pure ML: RNAseq-like gene features,,,,,,,,,,,,,,,,,,,,,,original_parameter_recovery,,,,,,,0.01741367395250193,0.01943634048731445,0.01578063553181251,repair_rate,0.1449930860040391
parameter_recovery,Pure ML: RNAseq-like gene features,,,,,,,,,,,,,,,,,,,,,,original_parameter_recovery,,,,,,,-0.11143288704394783,0.024050673307785677,0.019100987254866756,diffusion,-0.2144432187908734
parameter_recovery,Pure ML: RNAseq-like gene features,,,,,,,,,,,,,,,,,,,,,,original_parameter_recovery,,,,,,,0.15574699781470702,0.01440453601738072,0.01219610164995025,decay,0.49171856463060365
parameter_recovery,Pure ML: RNAseq-like gene features,,,,,,,,,,,,,,,,,,,,,,original_parameter_recovery,,,,,,,-0.1685977441098634,0.009548787790599696,0.007692814345836527,injury_amp,-0.22245924057966976
parameter_recovery,Pure ML: RNAseq-like gene features,,,,,,,,,,,,,,,,,,,,,,original_parameter_recovery,,,,,,,-0.011675599579862528,0.008465222561203493,0.007262066077907225,persistent_injury,0.05591182708649518
parameter_recovery,Pure ML: RNAseq-like gene features,,,,,,,,,,,,,,,,,,,,,,original_parameter_recovery,,,,,,,0.0946795581557337,0.0230199524139265,0.01915840119166152,recruitment_rate,0.3124907490476114
parameter_recovery,Pure ML: RNAseq-like gene features,,,,,,,,,,,,,,,,,,,,,,original_parameter_recovery,,,,,,,0.0542842107593704,0.3633781312563163,0.2861445908828049,nfkb_gain,0.2468465030606229
parameter_recovery,Pure ML: RNAseq-like gene features,,,,,,,,,,,,,,,,,,,,,,original_parameter_recovery,,,,,,,0.02579112130006922,0.33670771304605157,0.27923421437871276,stat3_gain,0.21733906197732086
parameter_recovery,Pure ML: RNAseq-like gene features,,,,,,,,,,,,,,,,,,,,,,original_parameter_recovery,,,,,,,0.006098151180884526,0.30186462680994675,0.24293419896988022,ifng_gain,0.2182874515377634
parameter_recovery,Pure ML: RNAseq-like gene features,,,,,,,,,,,,,,,,,,,,,,original_parameter_recovery,,,,,,,0.07901917845495987,0.31530945054819004,0.2623592086678361,tgfb_gain,0.28177759877739067
parameter_recovery,Pure ML: RNAseq-like gene features,,,,,,,,,,,,,,,,,,,,,,original_parameter_recovery,,,,,,,-0.017657351704042812,0.3347661533173524,0.29808779999472335,exhaustion_gain,0.09188263129129678
parameter_recovery,Pure ML: RNAseq-like gene features,,,,,,,,,,,,,,,,,,,,,,original_parameter_recovery,,,,,,,-0.10801707644405711,0.25944674423508185,0.20239980015058656,cytotoxic_gain,0.02099467063260874
parameter_recovery,Pure ML: RNAseq-like gene features,,,,,,,,,,,,,,,,,,,,,,original_parameter_recovery,,,,,,,-0.11025048880211719,0.23242740981182874,0.19501668026224583,migration_gain,-0.042538059899049706
parameter_recovery,Pure ML: bulk + spatial marker modules,,,,,,,,,,,,,,,,,,,,,,original_parameter_recovery,,,,,,,-0.04660637168325876,0.22751624446034327,0.19132730187263478,barrier,0.08673995767602814
parameter_recovery,Pure ML: bulk + spatial marker modules,,,,,,,,,,,,,,,,,,,,,,original_parameter_recovery,,,,,,,-0.01916690029991397,0.22541196317002649,0.190385650206301,ecm_density,0.12606872993690527
parameter_recovery,Pure ML: bulk + spatial marker modules,,,,,,,,,,,,,,,,,,,,,,original_parameter_recovery,,,,,,,0.23381985373024072,0.01716305473360643,0.01342075914515549,repair_rate,0.5197556551724117
parameter_recovery,Pure ML: bulk + spatial marker modules,,,,,,,,,,,,,,,,,,,,,,original_parameter_recovery,,,,,,,0.07570057334508462,0.02193269297970754,0.01775956946472644,diffusion,0.2833774345679843
parameter_recovery,Pure ML: bulk + spatial marker modules,,,,,,,,,,,,,,,,,,,,,,original_parameter_recovery,,,,,,,0.5351296940066331,0.010688798008314739,0.009025519120800412,decay,0.7694910756893528
parameter_recovery,Pure ML: bulk + spatial marker modules,,,,,,,,,,,,,,,,,,,,,,original_parameter_recovery,,,,,,,-0.11167498853955471,0.009313322402310325,0.00741937672722099,injury_amp,0.03958800676914563
parameter_recovery,Pure ML: bulk + spatial marker modules,,,,,,,,,,,,,,,,,,,,,,original_parameter_recovery,,,,,,,0.09358477325074688,0.008012745322016413,0.006863068371097792,persistent_injury,0.30729790947572544
parameter_recovery,Pure ML: bulk + spatial marker modules,,,,,,,,,,,,,,,,,,,,,,original_parameter_recovery,,,,,,,0.21601555835555963,0.021421850308638656,0.01826330178498559,recruitment_rate,0.47921042558515287
parameter_recovery,Pure ML: bulk + spatial marker modules,,,,,,,,,,,,,,,,,,,,,,original_parameter_recovery,,,,,,,0.5308180818415981,0.2559464442271651,0.21608460458019113,nfkb_gain,0.7647596245730167
parameter_recovery,Pure ML: bulk + spatial marker modules,,,,,,,,,,,,,,,,,,,,,,original_parameter_recovery,,,,,,,0.5567395086837346,0.22712060432145392,0.19105383543132973,stat3_gain,0.7849130567088114
parameter_recovery,Pure ML: bulk + spatial marker modules,,,,,,,,,,,,,,,,,,,,,,original_parameter_recovery,,,,,,,0.18369764566519575,0.2735684436380901,0.22731349165747375,ifng_gain,0.5116537683133766
parameter_recovery,Pure ML: bulk + spatial marker modules,,,,,,,,,,,,,,,,,,,,,,original_parameter_recovery,,,,,,,0.3455648862751757,0.265793888696922,0.2166158502360184,tgfb_gain,0.6118301523962211
parameter_recovery,Pure ML: bulk + spatial marker modules,,,,,,,,,,,,,,,,,,,,,,original_parameter_recovery,,,,,,,0.08299856539325101,0.3177794158531343,0.2722204665195869,exhaustion_gain,0.30496502355829147
parameter_recovery,Pure ML: bulk + spatial marker modules,,,,,,,,,,,,,,,,,,,,,,original_parameter_recovery,,,,,,,-0.04198729041484861,0.2515974349737101,0.18986845333927183,cytotoxic_gain,0.2067133878875984
parameter_recovery,Pure ML: bulk + spatial marker modules,,,,,,,,,,,,,,,,,,,,,,original_parameter_recovery,,,,,,,-0.05467765516533096,0.22653573949603617,0.18144149494275857,migration_gain,0.1450435027019406
parameter_recovery,Mechanistic virtual-cell summaries,,,,,,,,,,,,,,,,,,,,,,original_parameter_recovery,,,,,,,0.7791883616671418,0.1045037086803319,0.07781641558432335,barrier,0.8918906555137852
parameter_recovery,Mechanistic virtual-cell summaries,,,,,,,,,,,,,,,,,,,,,,original_parameter_recovery,,,,,,,0.7805183584676543,0.10460523174840287,0.0773871813830801,ecm_density,0.8919387524368879
parameter_recovery,Mechanistic virtual-cell summaries,,,,,,,,,,,,,,,,,,,,,,original_parameter_recovery,,,,,,,0.8670277732397024,0.007150058764862007,0.005941023874091436,repair_rate,0.9325331451178128
parameter_recovery,Mechanistic virtual-cell summaries,,,,,,,,,,,,,,,,,,,,,,original_parameter_recovery,,,,,,,0.4099513956954951,0.017523849358891196,0.01411822090160792,diffusion,0.643117499345642
parameter_recovery,Mechanistic virtual-cell summaries,,,,,,,,,,,,,,,,,,,,,,original_parameter_recovery,,,,,,,0.9500021192694721,0.003505409546797973,0.0016970598024153203,decay,0.9813902289882005
parameter_recovery,Mechanistic virtual-cell summaries,,,,,,,,,,,,,,,,,,,,,,original_parameter_recovery,,,,,,,0.7593527105374416,0.0043331747839644745,0.0031641629255177673,injury_amp,0.8729190214636193
parameter_recovery,Mechanistic virtual-cell summaries,,,,,,,,,,,,,,,,,,,,,,original_parameter_recovery,,,,,,,0.8554522943011671,0.0031998037601916195,0.002380598886241484,persistent_injury,0.9270004221808421
parameter_recovery,Mechanistic virtual-cell summaries,,,,,,,,,,,,,,,,,,,,,,original_parameter_recovery,,,,,,,0.42250540874472053,0.018385575081665603,0.013991687604285583,recruitment_rate,0.663425942113915
parameter_recovery,Mechanistic virtual-cell summaries,,,,,,,,,,,,,,,,,,,,,,original_parameter_recovery,,,,,,,0.9020428460453844,0.11694900913002802,0.09198672334318486,nfkb_gain,0.9504321424650716
parameter_recovery,Mechanistic virtual-cell summaries,,,,,,,,,,,,,,,,,,,,,,original_parameter_recovery,,,,,,,0.9974197745945333,0.01732829555963873,0.013122394912698681,stat3_gain,0.9987107492830115
parameter_recovery,Mechanistic virtual-cell summaries,,,,,,,,,,,,,,,,,,,,,,original_parameter_recovery,,,,,,,0.777431166002296,0.1428475020836355,0.11318805107321453,ifng_gain,0.9005451749718654
parameter_recovery,Mechanistic virtual-cell summaries,,,,,,,,,,,,,,,,,,,,,,original_parameter_recovery,,,,,,,0.9898324693215041,0.033129847760497634,0.0176249159422348,tgfb_gain,0.996056255854311
parameter_recovery,Mechanistic virtual-cell summaries,,,,,,,,,,,,,,,,,,,,,,original_parameter_recovery,,,,,,,0.8041978993045586,0.14684170829842777,0.11848067909376933,exhaustion_gain,0.9052283973364462
parameter_recovery,Mechanistic virtual-cell summaries,,,,,,,,,,,,,,,,,,,,,,original_parameter_recovery,,,,,,,0.6268602211832809,0.1505604046154531,0.11390051261927442,cytotoxic_gain,0.7951782199324131
parameter_recovery,Mechanistic virtual-cell summaries,,,,,,,,,,,,,,,,,,,,,,original_parameter_recovery,,,,,,,0.9956987891293463,0.014466791531917664,0.011306292739041646,migration_gain,0.9979218400731225
parameter_recovery,Hybrid: RNAseq + marker modules + spatial + virtual-cell MM,,,,,,,,,,,,,,,,,,,,,,original_parameter_recovery,,,,,,,0.7461952160664688,0.11203936147287248,0.08248413851852997,barrier,0.8796287240087115
parameter_recovery,Hybrid: RNAseq + marker modules + spatial + virtual-cell MM,,,,,,,,,,,,,,,,,,,,,,original_parameter_recovery,,,,,,,0.7472649537323497,0.11225017856858273,0.08414951411285962,ecm_density,0.8822554719127267
parameter_recovery,Hybrid: RNAseq + marker modules + spatial + virtual-cell MM,,,,,,,,,,,,,,,,,,,,,,original_parameter_recovery,,,,,,,0.8286543984150112,0.008116440714342945,0.006552682020921903,repair_rate,0.9105425244957233
parameter_recovery,Hybrid: RNAseq + marker modules + spatial + virtual-cell MM,,,,,,,,,,,,,,,,,,,,,,original_parameter_recovery,,,,,,,0.40201669600555123,0.017641282177000672,0.014321053759901363,diffusion,0.63625622153988
parameter_recovery,Hybrid: RNAseq + marker modules + spatial + virtual-cell MM,,,,,,,,,,,,,,,,,,,,,,original_parameter_recovery,,,,,,,0.9388894911573217,0.0038754391030739253,0.002032778017575546,decay,0.9748861220078573
parameter_recovery,Hybrid: RNAseq + marker modules + spatial + virtual-cell MM,,,,,,,,,,,,,,,,,,,,,,original_parameter_recovery,,,,,,,0.6648087693858341,0.005114015547113132,0.004041255994359996,injury_amp,0.8208014798319071
parameter_recovery,Hybrid: RNAseq + marker modules + spatial + virtual-cell MM,,,,,,,,,,,,,,,,,,,,,,original_parameter_recovery,,,,,,,0.8264761865735721,0.0035058819195705783,0.002704948466013625,persistent_injury,0.9100574762166872
parameter_recovery,Hybrid: RNAseq + marker modules + spatial + virtual-cell MM,,,,,,,,,,,,,,,,,,,,,,original_parameter_recovery,,,,,,,0.44947613592055113,0.017951111022934244,0.013192172466242729,recruitment_rate,0.675616451515689
parameter_recovery,Hybrid: RNAseq + marker modules + spatial + virtual-cell MM,,,,,,,,,,,,,,,,,,,,,,original_parameter_recovery,,,,,,,0.8985402213247239,0.11902150088610138,0.09119616054583894,nfkb_gain,0.949005151343991
parameter_recovery,Hybrid: RNAseq + marker modules + spatial + virtual-cell MM,,,,,,,,,,,,,,,,,,,,,,original_parameter_recovery,,,,,,,0.9966426531884828,0.01976628833753219,0.015209491130646489,stat3_gain,0.9983364880501112
parameter_recovery,Hybrid: RNAseq + marker modules + spatial + virtual-cell MM,,,,,,,,,,,,,,,,,,,,,,original_parameter_recovery,,,,,,,0.7640687959270966,0.14707307313068654,0.1164297764605479,ifng_gain,0.8954825254481441
parameter_recovery,Hybrid: RNAseq + marker modules + spatial + virtual-cell MM,,,,,,,,,,,,,,,,,,,,,,original_parameter_recovery,,,,,,,0.9855030229870977,0.03955946591155601,0.019458446238460894,tgfb_gain,0.9941795056496936
parameter_recovery,Hybrid: RNAseq + marker modules + spatial + virtual-cell MM,,,,,,,,,,,,,,,,,,,,,,original_parameter_recovery,,,,,,,0.7829134717761308,0.15461698181881062,0.12599687635706783,exhaustion_gain,0.9020054191745287
parameter_recovery,Hybrid: RNAseq + marker modules + spatial + virtual-cell MM,,,,,,,,,,,,,,,,,,,,,,original_parameter_recovery,,,,,,,0.5994874363278775,0.15598508371060552,0.11616844993364106,cytotoxic_gain,0.7783786095872935
parameter_recovery,Hybrid: RNAseq + marker modules + spatial + virtual-cell MM,,,,,,,,,,,,,,,,,,,,,,original_parameter_recovery,,,,,,,0.9946579664137936,0.016122417488920654,0.012418474366257013,migration_gain,0.9974249057737257
parameter_recovery,Hybrid: marker modules + spatial + virtual-cell MM,,,,,,,,,,,,,,,,,,,,,,original_parameter_recovery,,,,,,,0.7461952160664688,0.11203936147287248,0.08248413851852997,barrier,0.8796287240087114
parameter_recovery,Hybrid: marker modules + spatial + virtual-cell MM,,,,,,,,,,,,,,,,,,,,,,original_parameter_recovery,,,,,,,0.7472649537323497,0.11225017856858273,0.08414951411285962,ecm_density,0.8822554719127266
parameter_recovery,Hybrid: marker modules + spatial + virtual-cell MM,,,,,,,,,,,,,,,,,,,,,,original_parameter_recovery,,,,,,,0.8286543984150112,0.008116440714342947,0.006552682020921904,repair_rate,0.9105425244957234
parameter_recovery,Hybrid: marker modules + spatial + virtual-cell MM,,,,,,,,,,,,,,,,,,,,,,original_parameter_recovery,,,,,,,0.40201669600555145,0.01764128217700067,0.014321053759901363,diffusion,0.6362562215398804
parameter_recovery,Hybrid: marker modules + spatial + virtual-cell MM,,,,,,,,,,,,,,,,,,,,,,original_parameter_recovery,,,,,,,0.9388894911573217,0.0038754391030739236,0.0020327780175755433,decay,0.9748861220078571
parameter_recovery,Hybrid: marker modules + spatial + virtual-cell MM,,,,,,,,,,,,,,,,,,,,,,original_parameter_recovery,,,,,,,0.6648087693858344,0.00511401554711313,0.004041255994359994,injury_amp,0.820801479831907
parameter_recovery,Hybrid: marker modules + spatial + virtual-cell MM,,,,,,,,,,,,,,,,,,,,,,original_parameter_recovery,,,,,,,0.8264761865735721,0.0035058819195705787,0.002704948466013625,persistent_injury,0.910057476216687
parameter_recovery,Hybrid: marker modules + spatial + virtual-cell MM,,,,,,,,,,,,,,,,,,,,,,original_parameter_recovery,,,,,,,0.44947613592055113,0.017951111022934244,0.013192172466242727,recruitment_rate,0.6756164515156892
parameter_recovery,Hybrid: marker modules + spatial + virtual-cell MM,,,,,,,,,,,,,,,,,,,,,,original_parameter_recovery,,,,,,,0.898540221324724,0.11902150088610129,0.09119616054583889,nfkb_gain,0.9490051513439911
parameter_recovery,Hybrid: marker modules + spatial + virtual-cell MM,,,,,,,,,,,,,,,,,,,,,,original_parameter_recovery,,,,,,,0.9966426531884828,0.019766288337532113,0.015209491130646409,stat3_gain,0.9983364880501111
parameter_recovery,Hybrid: marker modules + spatial + virtual-cell MM,,,,,,,,,,,,,,,,,,,,,,original_parameter_recovery,,,,,,,0.7640687959270966,0.14707307313068652,0.1164297764605478,ifng_gain,0.8954825254481442
parameter_recovery,Hybrid: marker modules + spatial + virtual-cell MM,,,,,,,,,,,,,,,,,,,,,,original_parameter_recovery,,,,,,,0.9855030229870977,0.03955946591155593,0.019458446238460877,tgfb_gain,0.9941795056496936
parameter_recovery,Hybrid: marker modules + spatial + virtual-cell MM,,,,,,,,,,,,,,,,,,,,,,original_parameter_recovery,,,,,,,0.7829134717761308,0.15461698181881062,0.12599687635706786,exhaustion_gain,0.9020054191745286
parameter_recovery,Hybrid: marker modules + spatial + virtual-cell MM,,,,,,,,,,,,,,,,,,,,,,original_parameter_recovery,,,,,,,0.5994874363278775,0.15598508371060552,0.11616844993364107,cytotoxic_gain,0.7783786095872934
parameter_recovery,Hybrid: marker modules + spatial + virtual-cell MM,,,,,,,,,,,,,,,,,,,,,,original_parameter_recovery,,,,,,,0.9946579664137936,0.01612241748892069,0.012418474366257013,migration_gain,0.9974249057737258
