feature,importance
mech_t_cell_STAT3_IL6_mean_auc,0.035451337429768345
mech_treg_STAT3_IL6_mean_auc,0.027452749046477074
mech_t_cell_STAT3_IL6_mean_final,0.02686001666144229
mech_mean_damage_auc,0.023238442926339215
mech_nk_cell_TGFB_regulatory_mean_final,0.023166839839394732
mech_mean_damage_q75,0.021487686369561648
mech_treg_STAT3_IL6_mean_final,0.0214086177457161
mech_nk_cell_STAT3_IL6_mean_auc,0.02134090719496726
mech_max_damage_q75,0.020214215538313457
mech_nk_cell_STAT3_IL6_mean_final,0.019690728788812232
mech_mean_activation_auc,0.018623792879285547
mech_max_damage_auc,0.01854273197688749
mech_mean_damage_q25,0.017634672969099777
mech_t_cell_migration_program_mean_auc,0.017368703310956274
mech_max_damage_q50,0.016723197100083024
mech_macrophage_STAT3_IL6_mean_auc,0.01667779824554453
mech_mean_cytotoxic_activity_max,0.016599789276474684
mech_max_damage_final,0.016453908719565983
mech_macrophage_TGFB_regulatory_mean_final,0.01624898728818254
mech_t_cell_TGFB_regulatory_mean_auc,0.015151385322392855
mech_mean_damage_final,0.014868322732500022
mech_macrophage_TGFB_regulatory_mean_auc,0.014795805397171628
mech_treg_migration_program_mean_final,0.014660961046421915
mech_max_damage_max,0.014375961378647948
mech_max_damage_early_slope,0.01430938728873904
mech_max_damage_q25,0.014061815000756208
mech_t_cell_TGFB_regulatory_mean_final,0.0137944471492424
mech_nk_cell_migration_program_mean_auc,0.013437221231127814
mech_mean_repair_activity_max,0.013211571724896615
mech_nk_cell_TGFB_regulatory_mean_auc,0.012791140066003251
mech_macrophage_STAT3_IL6_mean_final,0.012486050788236771
mech_treg_migration_program_mean_auc,0.012485325145442773
mech_t_cell_repair_program_mean_auc,0.011485928452453064
mech_mean_repair_activity_q75,0.01128468198038147
mech_max_cytokines_auc,0.011078772153384184
mech_t_cell_repair_program_mean_final,0.010889140302174602
mech_macrophage_repair_program_mean_auc,0.010795042125033617
mech_mean_cytotoxic_activity_q50,0.01037963287869937
mech_treg_repair_program_mean_auc,0.009935131514803807
mech_treg_TGFB_regulatory_mean_auc,0.009653254657734332
mech_t_cell_migration_program_mean_final,0.009609467464601663
mech_treg_repair_program_mean_final,0.009427269962137564
mech_nk_cell_repair_program_mean_final,0.008659719280738151
mech_nk_cell_migration_program_mean_final,0.008518820108919717
mech_macrophage_migration_program_mean_auc,0.00807808403196585
mech_macrophage_NFkB_inflammatory_mean_auc,0.00794378410036223
mech_mean_repair_activity_auc,0.007914415932402198
mech_macrophage_migration_program_mean_final,0.007881981265392269
mech_mean_damage_early_slope,0.007843091105617591
mech_mean_damage_q50,0.0076509197142513845
mech_macrophage_repair_program_mean_final,0.007539266107024158
mech_mean_damage_max,0.007397303818492243
mech_mean_repair_activity_q50,0.006917425869439221
mech_mean_activation_max,0.00659148379885002
mech_t_cell_IFNG_response_mean_auc,0.006388182562513908
mech_mean_cytotoxic_activity_q75,0.006384512710603221
mech_mean_cytotoxic_activity_final,0.006224453641218624
mech_nk_cell_cytotoxic_program_mean_auc,0.006045638338331004
mech_nk_cell_repair_program_mean_auc,0.005784603718025216
mech_mean_cytotoxic_activity_auc,0.005370499446529415
mech_mean_cytotoxic_activity_q25,0.005277558648318861
mech_max_cytokines_q25,0.005083022745638356
mech_treg_TGFB_regulatory_mean_final,0.0048151313636925494
mech_max_cytokines_q75,0.004030079115694937
mech_max_cytokines_early_slope,0.003883568893768179
mech_mean_damage_late_slope,0.0038577022524423415
mech_count_treg_max,0.00356993933391152
mech_max_damage_late_slope,0.0033875990986697163
mech_mean_cytokines_auc,0.003087496391311361
mech_mean_suppression_activity_q25,0.0030032874938241915
mech_mean_activation_q25,0.0029590618200271315
mech_t_cell_exhaustion_program_mean_auc,0.002913872624048918
mech_active_macrophage_auc,0.0028970570515703944
mech_mean_cytokines_q75,0.0028641139982800374
mech_nk_cell_IFNG_response_mean_auc,0.00280242006100927
mech_max_cytokines_late_slope,0.0027847714616559454
mech_mean_suppression_activity_auc,0.002775073455149962
mech_max_cytokines_final,0.00269462123473835
mech_mean_repair_activity_q25,0.0026805579676182356
mech_mean_suppression_activity_max,0.0026617197723012033
mech_mean_repair_activity_early_slope,0.0026232256898263053
mech_nk_cell_exhaustion_program_mean_auc,0.0024815854319316156
mech_mean_repair_activity_final,0.002463916480128821
mech_nk_cell_cytotoxic_program_mean_final,0.002446075541091718
mech_final_inflammatory_burden,0.002150206163655484
mech_max_cytokines_q50,0.002105191979662258
mech_mean_suppression_activity_q50,0.001979227286888677
mech_t_cell_cytotoxic_program_mean_auc,0.0017679364785673018
mech_mean_cytokines_q50,0.0017104632799996823
mech_t_cell_NFkB_inflammatory_mean_auc,0.0017059878115982603
mech_mean_cytokines_late_slope,0.0012869269995490155
mech_treg_exhaustion_program_mean_auc,0.001276682818696209
mech_active_macrophage_max,0.0012046623949081767
mech_mean_cytokines_q25,0.001150704183372954
mech_mean_suppression_activity_q75,0.0011484437494053551
mech_mean_cytokines_max,0.0010294554236949126
rna_M2_REPAIR_CD163_MRC1_IL10_gene05_logCPM,0.001015284605081068
mech_macrophage_exhaustion_program_mean_auc,0.0009921760331709354
mech_mean_activation_q75,0.0009717908469909558
rna_IFNG_RESPONSE_module_mean_logCPM,0.0009460246023842355
spatial_HYPOXIA_q95,0.0008773149617823096
rna_APOPTOSIS_gene06_logCPM,0.0008637928378267791
bulk_WOUND_HEALING_q90,0.0008498190869096232
mech_t_cell_cytotoxic_program_mean_final,0.0008459338188442402
mech_mean_suppression_activity_final,0.0008105319795541566
mech_mean_activation_final,0.0008087632551886794
rna_HYPOXIA_module_sd_logCPM,0.0007930732997788344
spatial_TNF_NFKB_q95,0.0007717965565627285
rna_TGFB_SIGNALING_module_sd_logCPM,0.0007663514329430048
rna_INFLAMMATORY_RESPONSE_gene06_logCPM,0.0007541238975785614
rna_TNF_NFKB_gene04_logCPM,0.0007274322051879665
mech_mean_activation_early_slope,0.0007214333107612897
rna_MACROPHAGE_module_mean_logCPM,0.0007163706458955758
rna_NK_CELL_gene04_logCPM,0.0006880465608863937
rna_IL6_JAK_STAT3_gene06_logCPM,0.0006781989003730183
rna_CYTOTOXICITY_GZMB_PRF1_NKG7_gene06_logCPM,0.0006677773037176835
mech_mean_repair_activity_late_slope,0.0006525842000005224
rna_WOUND_HEALING_spatial_var_proxy,0.0006443622709481487
rna_EXHAUSTION_PD1_LAG3_TIM3_gene03_logCPM,0.0006418749927549578
rna_M2_REPAIR_CD163_MRC1_IL10_gene01_logCPM,0.000640034833318643
spatial_EXHAUSTION_PD1_LAG3_TIM3_moran_proxy,0.0006346310386466022
spatial_T_CELL_CYTOTOXIC_moran_proxy,0.0006323138799803178
rna_ECM_STROMAL_BARRIER_gene03_logCPM,0.000603256059445044
bulk_EXHAUSTION_PD1_LAG3_TIM3_mean,0.0005970081826795639
rna_M2_REPAIR_CD163_MRC1_IL10_gene03_logCPM,0.000588260000120216
bulk_TREG_FOXP3_IL2RA_CTLA4_q90,0.0005737584402018892
rna_TREG_gene04_logCPM,0.0005628615699281698
rna_IL6_JAK_STAT3_spatial_var_proxy,0.0005585787763941397
rna_TREG_gene06_logCPM,0.0005584757863643761
rna_TNF_NFKB_gene02_logCPM,0.0005467697495685378
mech_max_cytokines_max,0.0005444448275147096
spatial_cytotoxic_exhaustion_inverse_corr,0.0005379866922153597
rna_MYELOID_SUPPRESSION_module_sd_logCPM,0.0005319256926234783
spatial_ecm_regulatory_colocalization,0.0005249361778743894
rna_ECM_REMODELING_gene06_logCPM,0.0004945506580193864
rna_CYTOTOXICITY_GZMB_PRF1_NKG7_gene01_logCPM,0.0004932806171608924
rna_T_CELL_CYTOTOXIC_module_mean_logCPM,0.0004899497168574779
spatial_WOUND_HEALING_q95,0.000489132020686363
spatial_TREG_moran_proxy,0.00048144796584789653
bulk_IFNG_RESPONSE_q90,0.0004765325107492438
spatial_NK_CELL_q95,0.00047036987115500035
mech_count_nk_cell_auc,0.00047027935961016076
rna_M2_REPAIR_CD163_MRC1_IL10_spatial_var_proxy,0.0004696406283278023
rna_MYELOID_SUPPRESSION_gene04_logCPM,0.0004664360480757526
bulk_TGFB_SIGNALING_mean,0.0004662542663625726
bulk_ECM_STROMAL_BARRIER_mean,0.0004661209970501137
rna_T_CELL_CYTOTOXIC_module_sd_logCPM,0.00046417384225401297
rna_IFNG_RESPONSE_gene04_logCPM,0.00046262429669345775
rna_TREG_module_mean_logCPM,0.00046234132631999334
spatial_regulatory_damage_colocalization,0.00045901220794404015
rna_ECM_STROMAL_BARRIER_spatial_var_proxy,0.00045472269474825563
spatial_T_CELL_CYTOTOXIC_var,0.00045324436641797837
spatial_ECM_REMODELING_var,0.00045146045632450676
mech_mean_cytokines_final,0.00045084699384616354
rna_M2_REPAIR_CD163_MRC1_IL10_gene06_logCPM,0.00044972540285034986
rna_HYPOXIA_gene04_logCPM,0.000445921882784741
rna_TNF_NFKB_module_mean_logCPM,0.00044175567699790386
bulk_NK_CELL_q90,0.00043671949043861205
rna_M2_REPAIR_CD163_MRC1_IL10_gene02_logCPM,0.0004366019111814617
rna_ECM_REMODELING_module_mean_logCPM,0.00043212414737585727
rna_IL6_JAK_STAT3_gene03_logCPM,0.000430710098399631
rna_HYPOXIA_gene02_logCPM,0.0004281086982083217
rna_TREG_FOXP3_IL2RA_CTLA4_gene02_logCPM,0.00042651424714146833
rna_HYPOXIA_module_mean_logCPM,0.00042599387322300454
rna_TREG_FOXP3_IL2RA_CTLA4_gene06_logCPM,0.00042337196128388845
bulk_pro_inflammatory_to_regulatory,0.0004217110073680563
spatial_IFNG_RESPONSE_moran_proxy,0.00041767911186118867
rna_WOUND_HEALING_gene03_logCPM,0.00041379390643788984
spatial_EMT_FIBROSIS_moran_proxy,0.000413342666561728
rna_TREG_FOXP3_IL2RA_CTLA4_module_sd_logCPM,0.00041001486941399896
rna_TREG_spatial_var_proxy,0.00040766273819472447
rna_TREG_gene03_logCPM,0.00040566695080615
rna_HYPOXIA_gene03_logCPM,0.00040435589812177396
bulk_INFLAMMATORY_RESPONSE_std,0.0003948047650196819
mech_mean_cytotoxic_activity_early_slope,0.0003925461394216374
rna_MACROPHAGE_gene06_logCPM,0.00039145944463729354
bulk_CYTOTOXICITY_GZMB_PRF1_NKG7_mean,0.00038900392821379615
spatial_immune_exclusion_index,0.00038417559405312906
spatial_DAMAGE_STRESS_q95,0.0003831493238496332
spatial_CYTOTOXICITY_GZMB_PRF1_NKG7_q95,0.0003787112286084184
spatial_repair_damage_hotspot_distance,0.0003757888977796246
mech_treg_cytotoxic_program_mean_auc,0.00037419577759711833
rna_CYTOTOXICITY_GZMB_PRF1_NKG7_module_sd_logCPM,0.00037257091148289477
rna_TREG_FOXP3_IL2RA_CTLA4_gene04_logCPM,0.0003681700993237647
rna_DAMAGE_STRESS_spatial_var_proxy,0.0003668393561536323
rna_APOPTOSIS_spatial_var_proxy,0.00036523842191100384
spatial_TREG_var,0.00036333588389322527
spatial_TREG_FOXP3_IL2RA_CTLA4_q95,0.00036071290405281976
spatial_ECM_REMODELING_moran_proxy,0.00035561922033567315
rna_IFNG_RESPONSE_gene02_logCPM,0.00034935448398303926
rna_MACROPHAGE_gene01_logCPM,0.0003451646413378319
spatial_ECM_STROMAL_BARRIER_var,0.00034095684536798076
rna_inflammatory_to_regulatory_ratio,0.00033798454657805684
rna_WOUND_HEALING_gene01_logCPM,0.00033538438087025736
rna_IFNG_RESPONSE_gene03_logCPM,0.0003342043742914406
rna_T_CELL_CYTOTOXIC_gene02_logCPM,0.0003338862951322992
rna_CYTOTOXICITY_GZMB_PRF1_NKG7_gene02_logCPM,0.00033343706584010855
rna_EMT_FIBROSIS_gene02_logCPM,0.00033341390437170915
spatial_MACROPHAGE_q95,0.00033272757484422176
rna_EMT_FIBROSIS_spatial_var_proxy,0.00033244573218414687
bulk_TGFB_SIGNALING_std,0.0003324002074410179
rna_EXHAUSTION_PD1_LAG3_TIM3_spatial_var_proxy,0.0003305169291528535
rna_ECM_STROMAL_BARRIER_gene01_logCPM,0.00032903043323378176
rna_EMT_FIBROSIS_module_sd_logCPM,0.0003279271252878208
mech_nk_cell_NFkB_inflammatory_mean_auc,0.00032621211698568534
bulk_ECM_STROMAL_BARRIER_q90,0.00032436821628355883
rna_CYTOTOXICITY_GZMB_PRF1_NKG7_gene05_logCPM,0.0003232671038488606
rna_NK_CELL_gene03_logCPM,0.0003225441230673587
rna_EMT_FIBROSIS_gene04_logCPM,0.0003214674921116459
bulk_M2_REPAIR_CD163_MRC1_IL10_std,0.00031686001242404543
spatial_cytotoxic_heterogeneity,0.00031577953573135107
rna_NK_CELL_module_mean_logCPM,0.0003142473252502277
rna_EXHAUSTION_PD1_LAG3_TIM3_gene06_logCPM,0.0003127425756861397
rna_DAMAGE_STRESS_module_mean_logCPM,0.0003117101035926382
rna_NK_CELL_module_sd_logCPM,0.00031156589733798926
rna_HYPOXIA_gene01_logCPM,0.00030706397380866397
mech_count_t_cell_max,0.00030129568739561036
spatial_TREG_FOXP3_IL2RA_CTLA4_moran_proxy,0.0003001093117615391
bulk_CYTOTOXICITY_GZMB_PRF1_NKG7_std,0.00029899986016952403
rna_IL6_JAK_STAT3_gene04_logCPM,0.00029839124424729053
bulk_MYELOID_SUPPRESSION_q90,0.000297357368618966
spatial_INFLAMMATORY_RESPONSE_q95,0.0002949849870611283
rna_CYTOTOXICITY_GZMB_PRF1_NKG7_module_mean_logCPM,0.0002939841774771122
spatial_regulatory_damage_hotspot_distance,0.00029143234306365355
rna_IFNG_RESPONSE_spatial_var_proxy,0.0002913440723509808
rna_DAMAGE_STRESS_gene02_logCPM,0.00029132308208446657
rna_IL6_JAK_STAT3_gene02_logCPM,0.0002896249121501274
rna_IL6_JAK_STAT3_module_mean_logCPM,0.0002891018007702066
rna_EXHAUSTION_PD1_LAG3_TIM3_gene05_logCPM,0.00028527202390075045
rna_INFLAMMATORY_RESPONSE_gene02_logCPM,0.0002841192443185488
rna_MACROPHAGE_spatial_var_proxy,0.00028326755267096186
mech_total_cells_late_slope,0.0002802778462188697
rna_MYELOID_SUPPRESSION_gene03_logCPM,0.00027914334371233174
bulk_IFNG_RESPONSE_std,0.000277978761920562
rna_TGFB_SIGNALING_gene04_logCPM,0.00027493988002061576
mech_mean_activation_late_slope,0.0002741300508347213
mech_count_nk_cell_final,0.00027401276659086784
rna_APOPTOSIS_gene05_logCPM,0.00027386882336133584
rna_M2_REPAIR_CD163_MRC1_IL10_module_sd_logCPM,0.00027126026173974934
spatial_MYELOID_SUPPRESSION_moran_proxy,0.0002684273193725097
rna_HYPOXIA_spatial_var_proxy,0.00026806502442687274
mech_total_cells_early_slope,0.00026571736771394025
spatial_T_CELL_CYTOTOXIC_q95,0.0002640388503973062
bulk_TREG_mean,0.000262882121080591
spatial_WOUND_HEALING_moran_proxy,0.0002622472661910059
mech_macrophage_IFNG_response_mean_final,0.0002606429699143438
rna_INFLAMMATORY_RESPONSE_gene03_logCPM,0.0002596849435126523
mech_count_macrophage_auc,0.0002578225755672412
mech_mean_cytokines_early_slope,0.0002527984057146735
rna_DAMAGE_STRESS_gene04_logCPM,0.0002520811318982644
spatial_IL6_JAK_STAT3_q95,0.00025100227251239373
rna_TREG_FOXP3_IL2RA_CTLA4_module_mean_logCPM,0.0002495949821811541
rna_TREG_FOXP3_IL2RA_CTLA4_gene01_logCPM,0.000248069699992442
rna_ECM_REMODELING_gene02_logCPM,0.0002473802194154678
rna_DAMAGE_STRESS_module_sd_logCPM,0.00024705663899329664
spatial_MYELOID_SUPPRESSION_q95,0.00024454695889034636
rna_INFLAMMATORY_RESPONSE_module_sd_logCPM,0.0002426932284983104
rna_TGFB_SIGNALING_gene02_logCPM,0.00024200159135557493
rna_T_CELL_CYTOTOXIC_gene03_logCPM,0.0002406823627077311
mech_nk_cell_exhaustion_program_mean_final,0.00024003541506123851
bulk_ECM_REMODELING_std,0.00023897058823529432
spatial_HYPOXIA_var,0.00023738579689000755
rna_EMT_FIBROSIS_gene06_logCPM,0.00023590595308682182
rna_MYELOID_SUPPRESSION_gene02_logCPM,0.00023540265497094766
bulk_EXHAUSTION_PD1_LAG3_TIM3_q90,0.00023500411266504933
rna_IL6_JAK_STAT3_gene01_logCPM,0.00023228222870802883
mech_treg_NFkB_inflammatory_mean_auc,0.00023143689642555026
spatial_TGFB_SIGNALING_moran_proxy,0.0002303241271827866
mech_t_cell_NFkB_inflammatory_mean_final,0.00023006102171294982
rna_TGFB_SIGNALING_gene01_logCPM,0.0002287109030361507
bulk_TGFB_SIGNALING_q90,0.00022394045988521522
rna_MACROPHAGE_gene02_logCPM,0.00022251941983445522
bulk_HYPOXIA_mean,0.00022112960058667228
bulk_MYELOID_SUPPRESSION_mean,0.00021983996298843776
rna_NK_CELL_gene05_logCPM,0.00021913361846471717
bulk_T_CELL_CYTOTOXIC_std,0.00021774243421158958
rna_TREG_gene02_logCPM,0.00021350358654604698
mech_total_cells_q25,0.00021232000976720294
spatial_inflam_damage_hotspot_distance,0.00021016890343533492
spatial_MACROPHAGE_moran_proxy,0.0002094220060848589
bulk_EMT_FIBROSIS_q90,0.00020736320547905357
rna_NK_CELL_gene06_logCPM,0.00020692053682771133
bulk_MYELOID_SUPPRESSION_std,0.0002059664740600301
spatial_M2_REPAIR_CD163_MRC1_IL10_moran_proxy,0.0002048082001525792
rna_CYTOTOXICITY_GZMB_PRF1_NKG7_spatial_var_proxy,0.00020323183495367356
rna_TNF_NFKB_spatial_var_proxy,0.00020175969561001255
spatial_TNF_NFKB_moran_proxy,0.00019891615281799913
rna_ECM_STROMAL_BARRIER_gene04_logCPM,0.0001984219440994335
rna_IFNG_RESPONSE_gene05_logCPM,0.0001972285732080015
rna_CYTOTOXICITY_GZMB_PRF1_NKG7_gene04_logCPM,0.00019556322257444122
spatial_IL6_JAK_STAT3_moran_proxy,0.0001947963647421066
rna_EXHAUSTION_PD1_LAG3_TIM3_gene02_logCPM,0.00018957393637632062
spatial_ECM_STROMAL_BARRIER_q95,0.00018690564227687168
spatial_EXHAUSTION_PD1_LAG3_TIM3_q95,0.0001862258720209861
rna_TREG_FOXP3_IL2RA_CTLA4_gene05_logCPM,0.00018593683559472733
rna_HYPOXIA_gene06_logCPM,0.00018494463046835117
rna_M2_REPAIR_CD163_MRC1_IL10_gene04_logCPM,0.0001806342960695065
rna_WOUND_HEALING_gene02_logCPM,0.00017914260272942358
rna_IFNG_RESPONSE_gene01_logCPM,0.00017754489301706274
mech_treg_IFNG_response_mean_auc,0.00017729854904656808
rna_APOPTOSIS_gene01_logCPM,0.00017687734329127297
bulk_MACROPHAGE_std,0.00017650378232238325
rna_APOPTOSIS_module_mean_logCPM,0.00017227162966016848
spatial_HYPOXIA_moran_proxy,0.00017170021162033692
spatial_TGFB_SIGNALING_var,0.00017050716319808593
mech_count_macrophage_max,0.00017033187489703234
rna_MYELOID_SUPPRESSION_gene01_logCPM,0.00017018897980594432
rna_MYELOID_SUPPRESSION_module_mean_logCPM,0.00016973280142978822
spatial_M2_REPAIR_CD163_MRC1_IL10_q95,0.0001687476575542327
rna_APOPTOSIS_gene03_logCPM,0.000165922516857481
rna_TGFB_SIGNALING_gene05_logCPM,0.00016576030881691183
rna_T_CELL_CYTOTOXIC_gene04_logCPM,0.000163780111489204
bulk_TREG_std,0.00016371223069661754
bulk_EMT_FIBROSIS_mean,0.00016299564458434622
rna_T_CELL_CYTOTOXIC_gene01_logCPM,0.00016280531043342498
mech_mean_suppression_activity_late_slope,0.0001620348563353745
bulk_CYTOTOXICITY_GZMB_PRF1_NKG7_q90,0.00016084869776555232
rna_IFNG_RESPONSE_module_sd_logCPM,0.00016008033039246255
rna_TGFB_SIGNALING_gene06_logCPM,0.00015932968348398723
rna_TNF_NFKB_gene05_logCPM,0.00015675816573324482
rna_ECM_REMODELING_gene04_logCPM,0.00015669939610895838
spatial_CYTOTOXICITY_GZMB_PRF1_NKG7_var,0.0001564018940700555
rna_ECM_REMODELING_module_sd_logCPM,0.00015487613182400142
rna_WOUND_HEALING_module_sd_logCPM,0.0001546427985660395
spatial_M2_REPAIR_CD163_MRC1_IL10_var,0.00015317572410055775
rna_INFLAMMATORY_RESPONSE_module_mean_logCPM,0.00015164252526645534
rna_ECM_REMODELING_gene01_logCPM,0.0001514989458207817
rna_IFNG_RESPONSE_gene06_logCPM,0.00015108283628650682
mech_total_cells_auc,0.00015045674368619022
rna_EXHAUSTION_PD1_LAG3_TIM3_module_mean_logCPM,0.00015008254539996998
rna_WOUND_HEALING_gene04_logCPM,0.00014744002307123937
bulk_IL6_JAK_STAT3_std,0.0001467172876076042
rna_M2_REPAIR_CD163_MRC1_IL10_module_mean_logCPM,0.00014625971255903715
bulk_T_CELL_CYTOTOXIC_q90,0.00014544175936580998
bulk_ECM_STROMAL_BARRIER_std,0.0001450531047083609
rna_TREG_gene01_logCPM,0.00014078206872844464
spatial_EMT_FIBROSIS_var,0.000140466029751267
rna_INFLAMMATORY_RESPONSE_gene01_logCPM,0.00014002750880525239
bulk_TNF_NFKB_mean,0.00013999321837869578
rna_APOPTOSIS_gene02_logCPM,0.00013815810368739216
bulk_ECM_REMODELING_q90,0.00013329167968343232
rna_APOPTOSIS_module_sd_logCPM,0.00013119613389502583
mech_count_t_cell_auc,0.00012845172188864177
rna_IL6_JAK_STAT3_module_sd_logCPM,0.00012758330470032865
spatial_APOPTOSIS_moran_proxy,0.00012564715512739481
bulk_TREG_FOXP3_IL2RA_CTLA4_std,0.00012528574071213675
bulk_INFLAMMATORY_RESPONSE_q90,0.00012512718972582015
rna_MACROPHAGE_gene04_logCPM,0.0001237460273318957
rna_TREG_gene05_logCPM,0.00012263386732118327
bulk_NK_CELL_std,0.00012169562571834223
rna_IL6_JAK_STAT3_gene05_logCPM,0.0001209514850154549
spatial_EXHAUSTION_PD1_LAG3_TIM3_var,0.00011942063558128245
rna_MYELOID_SUPPRESSION_gene05_logCPM,0.00011926004911599946
bulk_DAMAGE_STRESS_q90,0.00011924587510134003
rna_WOUND_HEALING_gene05_logCPM,0.00011917362499509977
rna_MACROPHAGE_module_sd_logCPM,0.00011883764293836506
spatial_inflammatory_heterogeneity,0.00011680770605015102
bulk_ECM_REMODELING_mean,0.0001145831682620412
bulk_DAMAGE_STRESS_std,0.00011373564249184312
spatial_INFLAMMATORY_RESPONSE_moran_proxy,0.0001122246967413026
bulk_APOPTOSIS_std,0.00011185767462477185
rna_DAMAGE_STRESS_gene06_logCPM,0.00011145285222852117
mech_total_cells_q50,0.00010888997785692507
bulk_EXHAUSTION_PD1_LAG3_TIM3_std,0.00010828789109332097
rna_WOUND_HEALING_module_mean_logCPM,0.00010684549199745573
spatial_ECM_REMODELING_q95,0.00010513054835531916
mech_mean_cytotoxic_activity_late_slope,0.00010334313459484202
rna_EMT_FIBROSIS_gene05_logCPM,0.00010278304870335233
spatial_EMT_FIBROSIS_q95,0.00010159385335638377
bulk_cytotoxic_to_exhaustion,0.0001010962326099534
spatial_INFLAMMATORY_RESPONSE_var,9.94814443365597e-05
rna_INFLAMMATORY_RESPONSE_spatial_var_proxy,9.919863110858658e-05
rna_ECM_STROMAL_BARRIER_gene06_logCPM,9.77225888748721e-05
rna_TGFB_SIGNALING_module_mean_logCPM,9.740869568218363e-05
spatial_exhaustion_damage_colocalization,9.717585479240436e-05
bulk_INFLAMMATORY_RESPONSE_mean,9.657392504023918e-05
mech_count_nk_cell_max,9.651589068319151e-05
spatial_TREG_q95,9.562495402646441e-05
mech_count_macrophage_final,9.530510460535915e-05
bulk_T_CELL_CYTOTOXIC_mean,9.469324879605739e-05
bulk_MACROPHAGE_mean,9.427192072078247e-05
bulk_TREG_FOXP3_IL2RA_CTLA4_mean,9.187986703384731e-05
bulk_APOPTOSIS_mean,9.144088284293455e-05
mech_total_cells_final,8.993313973621902e-05
bulk_TNF_NFKB_q90,8.906554677708777e-05
mech_count_t_cell_final,8.862041211953362e-05
rna_TNF_NFKB_gene06_logCPM,8.63508145760175e-05
spatial_TGFB_SIGNALING_q95,8.377938096346294e-05
bulk_APOPTOSIS_q90,8.364662935905766e-05
bulk_EMT_FIBROSIS_std,8.36238054460003e-05
rna_ECM_REMODELING_spatial_var_proxy,8.355937645743772e-05
mech_macrophage_cytotoxic_program_mean_final,8.260486946318568e-05
rna_ECM_STROMAL_BARRIER_gene02_logCPM,8.253602806224956e-05
rna_DAMAGE_STRESS_gene01_logCPM,8.08629009992364e-05
bulk_TREG_q90,8.053998398352591e-05
mech_t_cell_IFNG_response_mean_final,8.049215201517852e-05
rna_TREG_FOXP3_IL2RA_CTLA4_spatial_var_proxy,7.965905922651055e-05
rna_HYPOXIA_gene05_logCPM,7.745277196209654e-05
rna_EXHAUSTION_PD1_LAG3_TIM3_gene01_logCPM,7.65170944699973e-05
bulk_NK_CELL_mean,7.236122724641414e-05
mech_macrophage_cytotoxic_program_mean_auc,7.148493979188747e-05
mech_mean_activation_q50,6.661348553007064e-05
spatial_regulatory_heterogeneity,6.609981071417841e-05
rna_TREG_FOXP3_IL2RA_CTLA4_gene03_logCPM,6.554019903981738e-05
rna_TGFB_SIGNALING_gene03_logCPM,6.499488454063584e-05
spatial_APOPTOSIS_var,6.406453909123267e-05
rna_WOUND_HEALING_gene06_logCPM,6.401784103237315e-05
spatial_IL6_JAK_STAT3_var,6.266682139955902e-05
spatial_IFNG_RESPONSE_var,6.0765516367644015e-05
bulk_TNF_NFKB_std,5.9466097860513214e-05
spatial_fibrosis_cytotoxic_inverse_corr,5.946609786051321e-05
spatial_IFNG_RESPONSE_q95,5.9441252229047e-05
bulk_M2_REPAIR_CD163_MRC1_IL10_q90,5.750151935350712e-05
bulk_M2_REPAIR_CD163_MRC1_IL10_mean,5.533452980933197e-05
rna_TGFB_SIGNALING_spatial_var_proxy,5.503670410772069e-05
rna_ECM_STROMAL_BARRIER_module_sd_logCPM,5.388898868331238e-05
spatial_NK_CELL_moran_proxy,5.286558003831321e-05
rna_TNF_NFKB_module_sd_logCPM,5.189712835889747e-05
rna_MACROPHAGE_gene05_logCPM,5.0530145442601985e-05
mech_count_treg_final,4.8903988841975095e-05
rna_MYELOID_SUPPRESSION_spatial_var_proxy,4.7990673252910906e-05
rna_EMT_FIBROSIS_gene01_logCPM,4.6510132564594434e-05
rna_TREG_module_sd_logCPM,3.983931476378606e-05
mech_nk_cell_IFNG_response_mean_final,3.4077960434068e-05
rna_NK_CELL_spatial_var_proxy,3.353652653411315e-05
spatial_cytotoxic_damage_colocalization,3.3505869304002174e-05
rna_EXHAUSTION_PD1_LAG3_TIM3_gene04_logCPM,3.342261504110521e-05
rna_CYTOTOXICITY_GZMB_PRF1_NKG7_gene03_logCPM,3.284844699842241e-05
spatial_cytotoxic_damage_hotspot_distance,3.2731041756323404e-05
rna_DAMAGE_STRESS_gene05_logCPM,3.271052493850418e-05
rna_EMT_FIBROSIS_gene03_logCPM,3.258174949828826e-05
rna_TNF_NFKB_gene03_logCPM,3.256884107456159e-05
spatial_TNF_NFKB_var,3.236985414524546e-05
rna_T_CELL_CYTOTOXIC_gene05_logCPM,3.2279236918839263e-05
rna_EXHAUSTION_PD1_LAG3_TIM3_module_sd_logCPM,3.227901823963779e-05
spatial_MACROPHAGE_var,3.2129374280435926e-05
mech_total_cells_max,3.195359355029003e-05
mech_mean_suppression_activity_early_slope,3.1361480261868374e-05
rna_EMT_FIBROSIS_module_mean_logCPM,3.1306640303180114e-05
rna_NK_CELL_gene02_logCPM,3.1035141329258934e-05
mech_macrophage_NFkB_inflammatory_mean_final,3.103180760279285e-05
bulk_IFNG_RESPONSE_mean,3.099561167392619e-05
rna_ECM_REMODELING_gene05_logCPM,3.067260830018592e-05
spatial_CYTOTOXICITY_GZMB_PRF1_NKG7_moran_proxy,2.960117909729012e-05
mech_active_macrophage_final,2.9238211684652568e-05
rna_MYELOID_SUPPRESSION_gene06_logCPM,2.836711778263698e-05
bulk_HYPOXIA_std,2.6792093355560848e-05
mech_count_treg_auc,2.4877891018252096e-05
bulk_IL6_JAK_STAT3_mean,2.336994624912364e-05
rna_INFLAMMATORY_RESPONSE_gene05_logCPM,2.107370528423167e-05
spatial_ecm_damage_colocalization,2.0917984984661495e-05
rna_cytotoxic_to_exhaustion_ratio,2.068394925537785e-05
rna_APOPTOSIS_gene04_logCPM,1.7486593611564466e-05
spatial_TREG_FOXP3_IL2RA_CTLA4_var,1.741856819369448e-05
spatial_repair_damage_colocalization,1.7267180844940716e-05
rna_ECM_STROMAL_BARRIER_module_mean_logCPM,1.5992689056431365e-05
rna_DAMAGE_STRESS_gene03_logCPM,0.0
spatial_NK_CELL_var,0.0
spatial_MACROPHAGE_hotspot_fraction,0.0
spatial_T_CELL_CYTOTOXIC_hotspot_fraction,0.0
spatial_IFNG_RESPONSE_hotspot_fraction,0.0
spatial_ecm_cytotoxic_inverse_corr,0.0
spatial_TREG_hotspot_fraction,0.0
spatial_INFLAMMATORY_RESPONSE_hotspot_fraction,0.0
spatial_IL6_JAK_STAT3_hotspot_fraction,0.0
spatial_EMT_FIBROSIS_hotspot_fraction,0.0
spatial_ECM_REMODELING_hotspot_fraction,0.0
spatial_NK_CELL_hotspot_fraction,0.0
spatial_MYELOID_SUPPRESSION_var,0.0
spatial_DAMAGE_STRESS_moran_proxy,0.0
spatial_DAMAGE_STRESS_hotspot_fraction,0.0
spatial_TGFB_SIGNALING_hotspot_fraction,0.0
spatial_EXHAUSTION_PD1_LAG3_TIM3_hotspot_fraction,0.0
spatial_CYTOTOXICITY_GZMB_PRF1_NKG7_hotspot_fraction,0.0
spatial_MYELOID_SUPPRESSION_hotspot_fraction,0.0
spatial_HYPOXIA_hotspot_fraction,0.0
spatial_APOPTOSIS_q95,0.0
spatial_APOPTOSIS_hotspot_fraction,0.0
spatial_TREG_FOXP3_IL2RA_CTLA4_hotspot_fraction,0.0
spatial_ECM_STROMAL_BARRIER_moran_proxy,0.0
spatial_ECM_STROMAL_BARRIER_hotspot_fraction,0.0
spatial_WOUND_HEALING_var,0.0
spatial_TNF_NFKB_hotspot_fraction,0.0
spatial_WOUND_HEALING_hotspot_fraction,0.0
rna_MACROPHAGE_gene03_logCPM,0.0
spatial_M2_REPAIR_CD163_MRC1_IL10_hotspot_fraction,0.0
spatial_DAMAGE_STRESS_var,0.0
mech_treg_IFNG_response_mean_final,0.0
mech_active_nk_cell_max,0.0
mech_treg_exhaustion_program_mean_final,0.0
mech_treg_cytotoxic_program_mean_final,0.0
mech_active_nk_cell_final,0.0
rna_T_CELL_CYTOTOXIC_gene06_logCPM,0.0
rna_T_CELL_CYTOTOXIC_spatial_var_proxy,0.0
bulk_damage_to_repair,0.0
rna_INFLAMMATORY_RESPONSE_gene04_logCPM,0.0
bulk_MACROPHAGE_q90,0.0
bulk_WOUND_HEALING_mean,0.0
bulk_WOUND_HEALING_std,0.0
bulk_DAMAGE_STRESS_mean,0.0
mech_total_cells_q75,0.0
bulk_HYPOXIA_q90,0.0
bulk_IL6_JAK_STAT3_q90,0.0
mech_macrophage_exhaustion_program_mean_final,0.0
rna_TNF_NFKB_gene01_logCPM,0.0
mech_macrophage_IFNG_response_mean_auc,0.0
rna_ECM_REMODELING_gene03_logCPM,0.0
mech_active_t_cell_final,0.0
rna_ECM_STROMAL_BARRIER_gene05_logCPM,0.0
mech_active_t_cell_auc,0.0
mech_active_t_cell_max,0.0
mech_active_treg_final,0.0
mech_t_cell_exhaustion_program_mean_final,0.0
mech_active_nk_cell_auc,0.0
mech_nk_cell_NFkB_inflammatory_mean_final,0.0
mech_treg_NFkB_inflammatory_mean_final,0.0
mech_active_treg_auc,0.0
mech_active_treg_max,0.0
rna_NK_CELL_gene01_logCPM,0.0
