subject_id,regime,pinn_D_final,pinn_I_final,pinn_C_final,pinn_R_final,pinn_pred_burden
39,acute_resolving,0.11867495,0.106657244,0.11594584,0.6254629,0.28194055
185,suppressed,0.42210636,0.3587909,0.39774424,0.91614336,0.96758837
121,immune_excluded,0.38735166,0.3516047,0.38628823,0.7522365,0.93156874
147,immune_excluded,0.33997762,0.44523928,0.32924348,0.26243198,0.94447154
19,acute_resolving,0.20681247,0.1878675,0.16100386,0.8229159,0.4522776
42,chronic,0.13383988,0.17138448,0.15320863,0.33378986,0.39151305
105,hyperinflammatory,0.19381271,0.16434708,0.18157978,0.7213671,0.44283324
54,chronic,0.16249076,0.14080043,0.1456199,0.50169003,0.3676657
21,acute_resolving,0.27932525,0.22756515,0.2218748,0.48160416,0.58910257
155,immune_excluded,0.16917732,0.15037546,0.160658,0.5137151,0.39562213
166,suppressed,0.3026105,0.3456949,0.2790704,0.6073413,0.77607054
144,immune_excluded,0.2318396,0.23390912,0.22660744,0.6077136,0.5764364
188,suppressed,0.3751151,0.38418263,0.35860407,0.46850872,0.9303442
180,suppressed,0.3847137,0.33506212,0.29636434,0.9153751,0.8237833
198,suppressed,0.14899053,0.13929595,0.14683175,0.5264711,0.36062294
61,chronic,0.22793962,0.19966792,0.19497974,0.7797091,0.50861746
79,chronic,0.17972067,0.16287138,0.14972411,0.47771126,0.4024558
65,chronic,0.21199916,0.24347842,0.2248401,0.27564147,0.5743181
80,chronic,0.23097083,0.31799498,0.2861993,0.26134732,0.7196797
15,acute_resolving,0.7294192,0.730388,0.78351015,0.6582552,1.8786077
24,acute_resolving,0.4542448,0.3105944,0.3771855,0.8829274,0.9149023
49,chronic,0.22340676,0.18025318,0.20704974,0.3437467,0.49900633
94,hyperinflammatory,0.53044885,0.5986175,0.6065304,0.4883829,1.4703724
23,acute_resolving,0.13236429,0.1042116,0.1136237,0.82556045,0.28401744
95,hyperinflammatory,0.6617829,0.5639411,0.6233265,0.5309399,1.518159
8,acute_resolving,0.16238098,0.17869008,0.18235332,0.6721888,0.4422339
142,immune_excluded,1.0614299,1.1391623,1.1071404,0.32015902,2.7770176
66,chronic,0.22766668,0.23494853,0.21997815,0.38528818,0.56876004
171,suppressed,0.877557,0.7544562,0.6716308,0.8771991,1.8648655
96,hyperinflammatory,0.22091627,0.25961205,0.2650378,0.2529739,0.635108
58,chronic,0.31798643,0.28216127,0.28699014,0.60358244,0.72814465
199,suppressed,0.34270307,0.3104089,0.28770298,0.49809676,0.7694634
157,immune_excluded,0.31687963,0.34586272,0.31057203,0.3873037,0.8148746
88,hyperinflammatory,0.2657172,0.17634043,0.22584227,0.86792123,0.53504133
29,acute_resolving,0.38045132,0.33472577,0.35694867,0.8185332,0.88190013
134,immune_excluded,0.91063094,0.6223835,0.5954469,0.612555,1.6731459
44,chronic,0.14036436,0.14083803,0.1604878,0.52128184,0.371508
101,hyperinflammatory,0.67593896,0.57538253,0.63828576,0.9960484,1.5516379
196,suppressed,0.16879945,0.13184564,0.1431766,0.7982158,0.35942197
103,hyperinflammatory,0.28988245,0.368533,0.39074153,0.40124568,0.9042157
33,acute_resolving,0.16047128,0.18266857,0.19748834,0.35438302,0.46039253
104,hyperinflammatory,0.3480553,0.46462044,0.41905892,0.30366787,1.0577071
106,hyperinflammatory,0.20218806,0.17088693,0.19840868,0.40919566,0.47038963
123,immune_excluded,0.28402582,0.24717472,0.2805815,0.42993218,0.6697691
98,hyperinflammatory,0.6851924,0.927282,0.8208646,0.35750073,2.0907428
190,suppressed,0.2191127,0.1729809,0.18583857,0.6325208,0.46837583
143,immune_excluded,0.234492,0.30580914,0.28834176,0.36457735,0.71139693
11,acute_resolving,0.115572214,0.1390875,0.13754421,0.29173273,0.33441782
154,immune_excluded,0.3014174,0.31313655,0.2887471,0.59637815,0.7525923
167,suppressed,0.20129944,0.1484152,0.17155187,0.74405813,0.42061678
