subject_id,regime,barrier,ecm_density,repair_rate,diffusion,decay,injury_amp,persistent_injury,recruitment_rate,nfkb_gain,stat3_gain,ifng_gain,tgfb_gain,exhaustion_gain,cytotoxic_gain,migration_gain
1,acute_resolving,0.17899193054974266,0.17861748621734577,0.06476347286911703,0.05073447217019246,0.03937384591765218,0.03602272322533829,0.0,0.06819096962294242,1.0277791935428948,0.9066030697561216,1.0627241206968032,1.1561011210702457,0.5640707537116763,1.0442500940898998,0.9849340879005202
2,acute_resolving,0.1380896346270129,0.15041372412796042,0.0741221830917002,0.10868176502684407,0.058024506089897426,0.04251644172244821,0.0,0.043866099064949364,1.0333221538288475,0.8900312441982605,0.7058485184081805,0.9838374665556283,0.6329423417665494,0.826234713715306,1.1330334393048807
3,acute_resolving,0.2127659152219918,0.2077207341372359,0.06469886153482737,0.08472220660813003,0.07059200744186342,0.019435198890377436,0.0,0.05560862290515159,0.8500645545002059,0.819971651213451,0.9096106864746938,1.0629538229144702,0.4809596534100453,1.1476619292788017,0.9819128400536588
4,acute_resolving,0.24786436516588808,0.2560483482817264,0.07381574134597478,0.08543689100186978,0.0702110445130424,0.042055328332336085,0.0004628413036177412,0.05782228911722886,0.9723687232828422,0.9596216682791341,1.0773948469649173,1.030299529201266,0.5787669283780567,1.068238465866502,1.181391274890444
5,acute_resolving,0.12141688532245443,0.12265077875948271,0.08101512903143182,0.06842100812293794,0.053252921815460826,0.03735443712524661,0.0,0.055909241385206705,0.9256601891434502,0.932572070718436,0.8822762975565566,1.0452721301139876,0.6513649409340376,1.0110053120666822,1.0196985924479
6,acute_resolving,0.22029395809274005,0.22009817688266087,0.08238925591154683,0.09383204214442761,0.05265705867498205,0.0314488254768834,0.004,0.056428065659612565,1.0739471139122079,0.8580447988469118,0.7525811168422414,0.9929330921273116,0.5806313636757013,0.8721954362903648,1.0494606426447595
7,acute_resolving,0.14528805104693393,0.1384109065567468,0.06675920215369377,0.10368070697223165,0.06331519503732039,0.035497179623374946,0.0,0.05460191284779041,0.8866022819404962,1.1245674123775773,0.9187389939211895,1.0629862761630833,0.5809768827886135,0.9755132912309801,1.108780267343769
8,acute_resolving,0.12373965502985429,0.11250838467457369,0.07223696016246121,0.065022880244755,0.06018488385334252,0.04991959543885415,0.0,0.06321527747412001,1.0025607283494695,0.8507681993927753,0.9942883676520878,0.9317304845047685,0.4902432010869469,0.9230791169466908,1.2376235887331277
9,acute_resolving,0.13846029573670035,0.14641672896062904,0.06174019277877891,0.08871362300937347,0.055557941158711766,0.02844722440810981,0.0007038207737995251,0.06826270974788014,1.1472324442094357,0.8663546620281094,0.9189799275365286,0.8451168813234569,0.7030160846217538,1.1907476703918884,1.143413734414693
10,acute_resolving,0.1723706762824233,0.18480742152687363,0.08008684273615509,0.09304574072944591,0.06655025202151879,0.040027227678826965,0.0012947278256365353,0.07115755376556038,0.9789389403651996,0.9814554519845904,0.910985612517212,1.1041984898369155,0.803938953186078,0.8628252261532157,1.0195959347473813
11,acute_resolving,0.18358121037754477,0.172588757038857,0.07063481172102219,0.07934322957067935,0.03812280982837181,0.040116324576946395,0.000422504117282541,0.045662930266714225,1.0547596052373283,0.9708652506394283,1.0250052903323226,1.092205910576284,0.5635839271508677,1.115435563249194,1.14306900127543
12,acute_resolving,0.27167274099643407,0.2658181109653609,0.07630838695232176,0.08843555491612735,0.06503291701463648,0.01846958919119751,0.0,0.07175702786176481,0.8765472828165692,0.8684062508600863,0.7572241364915316,1.141933402290049,0.6763641025375398,0.9909678584797792,1.0469225866902843
13,acute_resolving,0.2943790975478111,0.29508029923266965,0.0994245020380788,0.06131687701898028,0.04698462348789582,0.03534214988603291,0.0,0.05095336038282591,0.8407543642749118,0.8270232980597219,0.9666529888685537,1.2168760648319514,0.752484697071542,1.0891371081958718,1.2238418090378054
14,acute_resolving,0.16588790306546516,0.17281422738145683,0.07362285597726287,0.06597505081000649,0.06723715556267695,0.036292573461719026,0.0012123391182469539,0.07146042889351105,1.0235150664512018,0.9345706348333669,0.9527964550127049,1.1586300295352556,0.7347521550795335,1.0333611837983125,1.2697598121109899
15,acute_resolving,0.11157644718575818,0.10943964862720984,0.08148707324352866,0.07826214986358988,0.05874329011975919,0.023772117595984285,0.0037706841505932617,0.08270202647276947,0.7855234362910054,0.7104068955739805,0.9361231142940933,1.1756139849325433,0.7134545688126644,1.1440095215149058,1.1151425058313307
16,acute_resolving,0.21956615614488884,0.22342224883226983,0.08647769108294075,0.06289148423499617,0.06619677681142418,0.03646204964293727,0.0038158971436109156,0.06649236639171272,0.8101075000124868,0.8121842283455261,1.0094536110251822,1.1397050203058643,0.5327368711119563,0.7704986359563119,0.9078247521032241
17,acute_resolving,0.08421494693981812,0.0745827048988454,0.07085297935909014,0.09206177864855253,0.04209734268337138,0.03951223051402757,0.0,0.047716489495519515,0.8837756463317731,0.9396642323112326,1.0296320826573415,1.1031331072466073,0.7418117041874055,1.0348189993486558,1.1264567303737654
18,acute_resolving,0.14878759810833292,0.15175384231870362,0.0738924861443602,0.055749366500394366,0.041267517981124366,0.02935027645649025,0.0,0.054447226072302006,0.9190891213714931,1.0022268660415863,0.55,0.8775044858654765,0.7220835653094939,0.9235721979125825,0.9736282992355108
19,acute_resolving,0.17695671991250772,0.18145090214444143,0.09219685179327194,0.06817999546853887,0.05267776338664597,0.04428287395188643,0.0,0.06938472185664703,0.8834557889243114,1.0126949113602737,1.045828049129822,0.9612077181222094,0.70926903208285,0.9271882814547727,1.0568571007763992
20,acute_resolving,0.11449955773746291,0.11678815336200513,0.07247199467207081,0.10074032584326158,0.04240098287745647,0.03666377940547905,0.0014000944981062368,0.07746677878764459,1.0362403734075412,0.8356417425641421,0.8308137186142831,1.1606963807552495,0.6647882666318599,0.968477570639529,1.0967179577882007
21,acute_resolving,0.12935090665894375,0.13599045086233427,0.07034365779502388,0.06874536772795165,0.05822820940778029,0.04434766683534718,0.0,0.0333980931471401,0.9615280040978906,1.0536694724197135,1.0570514970010483,1.1745378936434052,0.7146619753336729,0.9384129884947059,1.0201231525199066
22,acute_resolving,0.2201249470769182,0.22232888214413854,0.05704233771283318,0.09437641489326974,0.0562199154713997,0.029038409883938143,0.0,0.032038712707572456,0.8514194070685287,0.7820468318923659,0.7937398117245259,1.3233546465532056,0.5806295473424906,1.0384285543526557,1.0411274914441928
23,acute_resolving,0.18642890828184053,0.1890029387570868,0.08503375197146543,0.06339091381034923,0.053050253730094254,0.017813905413225358,0.0,0.07065964659360618,1.113938381524675,0.7972202776835016,1.0984718420250141,0.8527437458444529,0.7657048357570903,1.031072220863092,1.1038273337264257
24,acute_resolving,0.18214832620522933,0.18043938313408137,0.046210601577561475,0.09364009026260484,0.07082956462320758,0.03534528430940187,0.0,0.07090289641016986,0.93171389647287,0.8443941147542978,1.0318840455251155,1.254279513597081,0.6271133189660283,1.0803433396707594,1.2332155357459986
25,acute_resolving,0.1862288355842842,0.16992145306400563,0.07471958884079156,0.09997061635076668,0.0678560641028786,0.02804084839931374,0.0031986566148941567,0.06162321280200772,0.9557964063427918,0.8801096173843104,1.0028384601813227,1.291101911119433,0.7605647617502458,0.9899030985451543,0.981251806906873
26,acute_resolving,0.17002459966525368,0.1705953324971985,0.08526615768564666,0.10092624667815717,0.04643284115281508,0.028954073439552093,0.0021682887384624136,0.041521352473727055,0.9042517932882783,0.9513174355131112,0.7407238801261251,1.182519194200917,0.5909209333879378,0.9752814124028838,0.9648866995899388
27,acute_resolving,0.17117264410106955,0.17098457920958993,0.07498703861079391,0.06330180684825133,0.060864720343161254,0.042806078822029546,0.002513281532094314,0.044925465246027384,1.0099710488153957,0.8428722461572047,0.9907202989665729,0.9408042676565216,0.6678009202175278,1.016219808516261,1.206251362071085
28,acute_resolving,0.15268156445417855,0.15879335486110324,0.08513903141983742,0.060262574173860835,0.0499208047986312,0.028540200539485066,0.0,0.015,0.7868646483945463,0.9460283819585061,0.9150817262152796,0.8963863030507352,0.5569710022514742,1.0139989388473583,1.1867018920411252
29,acute_resolving,0.23211542430666718,0.2357191773708981,0.0888288152051785,0.10119205821997697,0.05515826206665333,0.039208006997899385,0.00042316822050468935,0.08538563669814785,0.943243640096157,0.966951183842241,0.9120131498167703,1.170720786729363,0.6094618579465356,1.0755988444160014,0.9625191391576919
30,acute_resolving,0.19975554413064311,0.206318375631855,0.07416960229205315,0.04650942031347192,0.05022023036783072,0.037180326415859555,0.0,0.06481090814855894,0.868779473438923,0.7986066194500158,0.966722289525806,0.9880079641196314,0.6104891292687941,0.854457101394157,1.0309434501272867
31,acute_resolving,0.21940281316894297,0.2152306606168594,0.07890849829346577,0.06065467830557479,0.06074584754165868,0.02956173016985191,0.0003174527778968942,0.05222420080211387,0.8103992844473241,0.9398496025756428,1.031885339417464,1.1774319394825583,0.7041151401292343,0.8424039229734419,1.2180287035415345
32,acute_resolving,0.2239923637885733,0.21647699633898979,0.08745065039839044,0.0779936897432398,0.03337116975699286,0.024955854983008695,0.0,0.05881219871751895,0.8827915290659006,0.7847187057974018,0.961879704751895,1.185937331756241,0.6431356468948709,0.9672973809857096,1.1127817165254796
33,acute_resolving,0.20699773479983577,0.20283521566005505,0.06744801670571411,0.11103843960366355,0.05074200483662403,0.03943722231299355,0.0,0.053333809261150854,0.9760308673775479,0.7575273877833955,0.8969854132999019,1.0155608078295466,0.4742748955235504,0.976459276867275,1.1028856621992524
34,acute_resolving,0.1096170021571616,0.11613342248484801,0.05608609829736193,0.07380964574770786,0.0611339109462508,0.03426318518904388,0.004,0.1,1.02910953850404,1.2025070985273087,0.9310001786918909,0.8825525913314116,0.720254514358688,1.1138912489853865,1.1520818449632353
35,acute_resolving,0.16560463265659778,0.16349356314692645,0.07915180494091295,0.08790598516766357,0.051035614191710696,0.0374336563894917,0.0,0.0457395248290354,1.0376373588719991,0.9970523164104985,1.0852450110605907,0.9922812524986437,0.7329829035434994,1.003845312578345,1.2477827202517704
36,acute_resolving,0.07882755077288388,0.0791550296201299,0.04762400955904107,0.06691669066498691,0.05842991166232412,0.021298389789388632,0.0004091285989054147,0.04389501212921904,1.0444493250173945,0.8542006382966434,1.0378556084548367,1.133200799550417,0.5835022728733099,0.9022580507652791,0.9227065459581689
37,acute_resolving,0.16119833683961876,0.1586267807707817,0.0903557192999448,0.10268816290116257,0.0563239426749488,0.03565271085608953,0.001198205069001524,0.0355630194256963,1.0480420380274902,0.82488347110933,0.8711794263866677,1.138241966706992,0.7297012849496031,0.8781294834989288,0.9695615701981869
38,acute_resolving,0.1721905689554587,0.1628333043446756,0.05734424070045689,0.08285795598226445,0.06961914271643237,0.045355633688921065,0.0,0.04626125849817544,1.0095334567642433,0.7826048357470178,0.9415148484894471,1.0293490764919744,0.729883190504436,0.9543054399802529,1.2024766520957024
39,acute_resolving,0.17870174977631154,0.1694976570860132,0.05290393786811075,0.07247702605996231,0.07035525392788777,0.04091740376342865,0.0028236657940629967,0.0576752446674898,0.9930297304308815,0.8597515920906547,0.9595460951626822,1.137411991579925,0.5766129778970996,1.1543649769783313,1.3085200191345272
40,acute_resolving,0.13416372799288598,0.13560540817368283,0.059814799927340456,0.06553824138778715,0.06521465322241932,0.04391473521392762,0.0,0.05918966715145408,0.9098220547120556,1.0509923279981312,0.8992391745155913,1.0516616128423604,0.6171600700717074,1.0375221844926186,1.1495001968295906
41,chronic,0.28733277742537033,0.2863611927769792,0.025763436148998838,0.06745041307006581,0.030487491752403256,0.04551116322841598,0.01495857215385515,0.0718386505469663,1.3605014769516273,1.180830723223579,0.9213024550219435,0.7626771413567393,0.9241432062271777,0.8761853553141128,0.8567503484138181
42,chronic,0.3440642623143292,0.34310849949544386,0.030165383193528204,0.09993224064382179,0.037117294173171854,0.04196433385114705,0.027603103543024327,0.09234481529669566,1.359663142994357,1.1871967571983,0.9584610391030497,0.8715174657463299,1.0674630395913418,0.6027198305822212,0.830299742596466
43,chronic,0.4841547337851244,0.4776585432447124,0.021720833231811825,0.05428173368895535,0.03228920510427805,0.03329614943965888,0.017147426656924137,0.10076464900452951,1.1610897545764336,1.2915979753145705,0.8763942941928352,0.7022063627669036,0.9569376624427572,0.941193107103183,0.9950366129911007
44,chronic,0.3477001286918439,0.34806885744983357,0.022230962067792827,0.07681835472878207,0.03524470613131958,0.04355569068718813,0.02114651539629236,0.0863255610167471,1.4512253071195016,1.2402688137101774,1.0073362688680076,0.8278300214844336,0.9517977711891961,0.9019463338307669,0.8559896574280814
45,chronic,0.19728402811649415,0.1938352739633327,0.028450819870339573,0.08988405609149494,0.02750821539913121,0.043913472971812466,0.027668328833796073,0.07593468057196606,1.4447327557313614,1.1264580051674598,0.9306976994922208,0.9056185402518223,1.0889459911424335,0.9928159533945121,1.0267107860510436
46,chronic,0.30013161764703306,0.29986155999854874,0.030961177651881038,0.08153377918246983,0.03868929408563919,0.03209318963483382,0.02476886148069867,0.08446528638210324,1.0294733607427975,1.3775625592961998,0.9788480655282996,0.8207495652224133,0.8461557565799083,0.859722076286678,0.9570812725350399
47,chronic,0.30480678154868335,0.3139079396454414,0.03152608694603078,0.09005109419666377,0.02232293023543469,0.037803723841843405,0.018494871634557576,0.0451939606630023,1.3139707751943615,1.2028200564360552,0.9187408403642378,0.8800442512171588,1.0935601981013652,0.9288777645663764,0.7635867304100351
48,chronic,0.44490369690365045,0.4311150008235533,0.019384730828564817,0.07142801705240504,0.020247307991531564,0.04289629956520292,0.023287265242286,0.04646921225251953,1.265084703257583,1.4785389887995553,0.8059789772870166,0.7082483868498928,1.2065648178414186,0.6536491483243525,0.9665680429469751
49,chronic,0.33770844263727584,0.32325380633592576,0.017350647001872645,0.07216849491154731,0.015433159789258615,0.0469117701834626,0.017024987550952223,0.09954700049617804,1.2810004985301324,1.2227834365301318,0.997605465215827,0.737395629927438,1.018295926516061,0.7525922794578762,0.8431629754379141
50,chronic,0.3582902746074354,0.35716524430563185,0.026786810741246045,0.04670673662672807,0.03849961606872677,0.039620334035844015,0.013501470393320131,0.07540064889705435,1.2588902322453532,1.39533276340594,1.1428195319598053,0.8713895341138319,1.1712733787286826,0.7677116806321144,1.0303099114147476
51,chronic,0.28426984584862236,0.28075241991399363,0.033158099888854875,0.08712118224377119,0.02637121822689944,0.04652583644986302,0.02726524345445288,0.08750861066297808,1.2866057311185621,1.2583167671290076,0.9568412255932262,0.7918467283541573,0.9647092712554702,0.8282792402728362,0.9225022181050482
52,chronic,0.33461644314711975,0.3302716951628658,0.02767262726322553,0.06779131291287646,0.02016859225084263,0.039444528124820855,0.029018668455925094,0.08623530875330025,1.1799636652562147,1.230968824104547,0.8290548360107168,0.9310999441114314,0.9634979341285399,0.9615455281287387,0.965517410975234
53,chronic,0.3896324567045568,0.3935014933795742,0.026059020583198474,0.05513686401098637,0.035717670742411375,0.045853854753793,0.018169040415361565,0.08398044000981754,1.0981807276017865,1.2241661471827778,0.8544521387174642,0.6058304005110846,1.2042230372635407,0.7613639317046663,0.9358941706308743
54,chronic,0.26156096564376136,0.2550400956547515,0.03738260081644589,0.07794730364312806,0.040596879738680335,0.03300155737799316,0.02463198229031812,0.0781673949093027,1.381235022533974,1.2417331846526563,1.105586671451234,0.9516344185231562,0.8632989100560164,0.8365495284641922,0.8438996481051042
55,chronic,0.5095568903649995,0.5074787067763197,0.023153491667555814,0.08023861561703707,0.02034871757318186,0.048051670238808415,0.019558602670273463,0.0948260570647032,1.321209716747496,1.1032334709018075,0.8927454520109275,0.7963835141460079,1.0269659624954754,1.009695176314899,0.9566768819989904
56,chronic,0.2418899880505267,0.25794015804444775,0.031218143600343726,0.07373308058547841,0.017893314475672602,0.04129282620683705,0.01814221760477078,0.06914858952186632,1.3479818513801185,1.3415759951930988,0.838253792279095,0.8432498454598933,1.0916545513197866,0.7406589061802005,0.8155267204846552
57,chronic,0.28182860577668517,0.2907360834380223,0.03279735144245015,0.09346751313184404,0.045158838209509514,0.036103947382330005,0.009192007129990989,0.07905801934001178,1.328976594392902,1.2832512784673962,0.818108432418863,1.0054984967722158,0.881189173531161,0.8528992748976328,0.8797766626017878
58,chronic,0.41348944167642376,0.4014830225339395,0.025747387460081164,0.09265841905917964,0.02425780669965106,0.049594688007551554,0.022387429979713706,0.061863388604600764,1.1990176883296833,1.184398011973919,1.050661219777725,1.0304574243401072,1.0818568622465519,0.9028575863382754,0.9198952896682528
59,chronic,0.2567476594168633,0.25724105166993994,0.02552366834559139,0.08546816782380719,0.028730548866908553,0.05486612369548074,0.014414613111435767,0.08605216853037632,1.333730636232299,1.2540699604142667,0.7118686652262546,0.893242406235648,1.1011635273947504,0.5476574013550108,0.8717595106498359
60,chronic,0.25294042560247754,0.24762266946263087,0.03222644744736466,0.09466504852179633,0.03205113930097888,0.04092519957230434,0.024776955878488854,0.06889921318000866,1.3369522550714399,1.1976926526994722,1.1111510443402497,0.8975929804905861,1.2564683680513462,0.9445732298192628,0.8938664572020798
61,chronic,0.3284649148616179,0.32669499863243134,0.04014121738558586,0.08351855076981365,0.0322549213361087,0.04577050849860718,0.019087762146276742,0.07755158073346627,1.4925623903383145,1.2743224912937297,1.0322719893949994,0.8550328977614511,1.0996195643687794,0.7638771948654975,0.7913650704809074
62,chronic,0.2750669266269885,0.2829507509650292,0.0217570317272029,0.06853669777297902,0.03138509708522358,0.020267425265079634,0.018694292409970448,0.08464339510647541,1.0742902786870039,1.2563690901999718,1.0072462329978147,0.7684575945171519,1.1254142890877843,0.798696624092208,0.9428884854157995
63,chronic,0.31925416867219303,0.3128432222761309,0.0212075460755555,0.07975438772298583,0.031595524202718404,0.04046086243498793,0.018650501430154672,0.11506479528549785,0.9856549418861278,1.2274134642050825,0.7079354650179144,1.0802259395058516,0.9993078506721174,0.9266072532067857,1.0304577336569625
64,chronic,0.3586830561378114,0.3724279214033334,0.03625011328788211,0.0818168463291372,0.030770293393533644,0.03945751588058913,0.015159058333208582,0.05240444800404906,1.0167737803126387,1.2190671072213053,0.8564722319038084,0.8933995857690885,1.011169394798902,0.9771495928164536,0.985911215525399
65,chronic,0.36846402829930186,0.37557537784896783,0.034531393074066996,0.08383523484849331,0.030840369306958205,0.04027475198517858,0.01812105079642872,0.0641944068141295,1.2495103081081944,1.1240981025331338,1.0617723629921847,0.8291873854277516,0.7616516809504492,0.8123136832333546,0.9051998489345388
66,chronic,0.3111475819546279,0.30593340126914564,0.03216624497390813,0.11029706521805689,0.02992721394550172,0.033456289721733,0.028584072462451746,0.05622518532887345,1.2013592664574038,1.173852620715024,1.083969114957261,0.7346771818245352,0.8149410735044365,0.8880135823241884,0.8849038590330445
67,chronic,0.17386100727842196,0.17331407442468985,0.033328182146820234,0.07861865706267011,0.03115058432968435,0.05654439806288948,0.021594966479657578,0.08623776298348942,1.1319615186097114,1.4050431453452386,1.080861393892795,0.8043681856249294,1.2100197404598698,0.6486225643074613,0.7944892022504422
68,chronic,0.23277997585299048,0.23126440083384994,0.014585176523169202,0.08915150108430112,0.024728079763933458,0.03628078359915777,0.017403608012358907,0.0598086701823902,1.164200921500522,1.3561554783732515,1.1233899008300696,1.0055335660750333,0.7781111756348638,0.7935349430417347,0.9628282603507865
69,chronic,0.36670212863307233,0.3577305740782948,0.04708357788811207,0.08379050041798952,0.0305656449392294,0.03752808215593231,0.017645307697210413,0.11918606792749589,1.3073580626762173,1.0577116005477725,0.9866228116762128,0.7770640812534705,1.0726780380194725,0.9444214606951533,1.0716087850090021
70,chronic,0.4111957914443075,0.40402416418353887,0.03707519689476177,0.08047617747558236,0.03143290165388895,0.03002746907300923,0.014515306302687611,0.09262919857914285,1.384334671900713,1.1552831972303388,1.0079191194330084,0.8738481152801366,1.0518611562803433,0.9614447431461117,1.1227169873171452
71,chronic,0.4829489148213682,0.4907458590042322,0.030732377533601734,0.08432332895735736,0.026744604234974045,0.048764038361501824,0.01951686672259851,0.08351146752381784,1.2712451955274047,1.2613073318438213,0.9514276709627525,0.7385135935448776,1.196398574373247,0.731125031595026,0.791472221666188
72,chronic,0.24208667265657755,0.23731079478640527,0.03016884190899314,0.10631922942486857,0.03701768699409044,0.02698157276201644,0.02861895900063964,0.058069887066233464,1.2414124312181787,1.3054590535814101,0.7770946948223495,0.9598646671181368,1.1181855799509874,0.9516578540352079,0.9478397421699041
73,chronic,0.28430284597798416,0.2908673288213359,0.014761508242615032,0.08766017073497667,0.018998410587622847,0.03261270946813781,0.025602427513766835,0.05948866759865559,1.3085031207478202,1.0675147766983466,0.8870651280532817,0.9866433107134294,0.9032674025708441,0.7767349766301064,1.0497776483915116
74,chronic,0.2795179093038938,0.2870663750378605,0.028463599628146166,0.06959467346934246,0.014968022943709428,0.04922386293340528,0.01247623003076263,0.09445836486064829,1.1314950369549297,1.3642989249465378,1.130929340593008,0.7891294379116172,1.1321714673173648,0.9548995130355682,0.8493207404765506
75,chronic,0.40600466733231705,0.39662488388366735,0.03445320556365098,0.061246187791462334,0.031415614959931094,0.04840381825836441,0.01975241761415218,0.06912583944829309,1.2634475154828269,1.3060803445093414,0.8584613595428688,0.8379145404186655,0.7997172186478572,0.7753528948719186,0.8938633509545512
76,chronic,0.4745565593027431,0.475782325536161,0.032640255233551504,0.08481332577001448,0.03752368878847638,0.03890521715876315,0.016843581902275237,0.09776416311890507,1.2122368627394295,1.205719812030577,0.9042600025524371,0.848956405537014,1.3792940810796868,0.7965959406396469,0.7189888658029614
77,chronic,0.28997046299181223,0.3008081513185934,0.02098504017461804,0.0868132564763517,0.02119779913668711,0.029325103410321286,0.019918725085478754,0.09308700103553043,1.2834904894891008,1.552720652792709,0.9824350959066708,0.7978815291791884,0.9071739547350273,0.8886525506206205,0.8968410638452552
78,chronic,0.4666785442862511,0.4683067300675058,0.027980302943920406,0.06279147045290415,0.02954930392374241,0.03930378223159098,0.023728525488162885,0.07536440612111377,1.3751830493939448,1.1551364363549463,0.8976688494454481,0.8786647117545086,1.3422100812196636,0.9779214754456624,0.9725965780577742
79,chronic,0.42679326654354066,0.42839057141726744,0.02595140786782835,0.06621645335688145,0.028120025653100348,0.04053973900415877,0.022257457413900603,0.06596592920353801,1.3726991834230298,1.154292334704665,1.0548691845824332,0.9085923300772804,1.129853416049229,0.9774087181421449,0.983753720205057
80,chronic,0.3235809730689828,0.32153311663026807,0.04067785268666308,0.07262397709527021,0.029910201662534535,0.04329751900037062,0.021452630060517532,0.054135620831463574,1.0636828696001164,1.1207562503274449,1.0197009830834192,0.8827279938314981,1.2224710718874674,0.7837630247497497,0.7874275829422808
81,hyperinflammatory,0.24911113539596164,0.24055757363928726,0.045976568119604024,0.11676682772297048,0.032639146704564304,0.0489361338757269,0.006434580232113667,0.08663327419133673,1.737341052523033,1.5736657964179845,1.3326968676392787,0.8563245945528983,0.6660522534595265,1.5639453598680715,1.1606681410772317
82,hyperinflammatory,0.26443004354644395,0.2498744507277539,0.025327379619212415,0.10866603487032743,0.017386755745641018,0.0390574351453742,0.013732588897732996,0.06538624657936654,1.8282104226164306,1.3937066797629734,1.3802494606388505,0.8036657006339392,0.693642483205947,1.1059702208258337,1.3570436642401675
83,hyperinflammatory,0.23783304589281185,0.2256283077259329,0.043116415678715554,0.08189907402260933,0.020571765968258212,0.04935815543207755,0.01536636362018328,0.08664532796306805,1.925444674001809,1.5248881441382878,1.236419513330424,0.9581270801856148,0.9156114742580665,1.1952169698254378,1.0860407095471856
84,hyperinflammatory,0.2648332933417571,0.2707073387607541,0.027762155534151955,0.09164520614698421,0.026730796020854136,0.020050986665598902,0.006076032815632607,0.0899123625694027,1.6287773162181942,1.6192400083357887,1.2120116162775199,0.8698701131065626,0.6269497405769404,1.0020714426167925,1.1880590639236803
85,hyperinflammatory,0.2004164598862817,0.20352450983057746,0.0381932119050473,0.0742474652588535,0.024315007191912798,0.03183794911931966,0.010085660037990841,0.08809380820627313,1.5134500972543903,1.4613950709603445,1.4181600103265288,0.8542009616330287,0.6786768989584858,1.3537453534014365,1.2954616341457736
86,hyperinflammatory,0.21102367970030877,0.22584811829712098,0.030103070028294793,0.10077543019309611,0.03778468951860299,0.02816554125492903,0.005390934923160066,0.05343242847031268,1.859959857708318,1.7248267682293674,1.3695245800163547,0.5947466216054328,0.7027603877878901,1.2282852052478408,1.3857937049291071
87,hyperinflammatory,0.2960694468854981,0.2894676892572209,0.042080550759809085,0.07254580538404597,0.038298360959973334,0.04832914105235709,0.008878715942176174,0.06680547599182389,1.5306882672467916,1.1815867189704459,1.3322158849777739,0.6476135362641492,0.6422773537196887,1.1087675811892361,1.3058553859149924
88,hyperinflammatory,0.22058294331497977,0.22276257973098879,0.04197996297566099,0.08583179098225897,0.023513133482465226,0.05620327152652881,0.009949611677603424,0.08197314522007568,1.7449274462311308,1.5579497802305624,1.2487046539085724,0.8746204754663567,0.787130867346678,1.2584081646282548,1.3701529726240533
89,hyperinflammatory,0.25481887605171016,0.25585515111524143,0.029475144689398054,0.09082756890238855,0.023315966443158004,0.04354963662279116,0.001596435597503958,0.08527605168377345,1.4825843477979994,1.320365985764661,1.298923544243506,0.605099254259513,0.6739156590687114,1.3302832299047946,0.8923121838591326
90,hyperinflammatory,0.2200378058159368,0.21643899760781893,0.04492175375175083,0.09905788054391584,0.01,0.03359597145864418,0.013615784968037616,0.07416072279992093,1.67499981247852,1.6161010241361757,1.4343651573695708,0.6598833494935368,0.8114216146019226,0.990374914374466,1.2490281720994
91,hyperinflammatory,0.128260343555495,0.12821510718558893,0.04303801124990089,0.12790677254641855,0.02505027026091549,0.03298139849585193,0.010197625024915828,0.11466733905585821,1.6734648278204696,1.6936992515060354,1.4680317186290144,0.789298719426883,0.6585123695773732,1.188354791392781,1.04415740304158
92,hyperinflammatory,0.14894444297303733,0.14203493371512674,0.037982853996563405,0.10579529105200092,0.039581367906977215,0.03212590244969385,0.011692742795690034,0.06697541817588804,1.5324197239295108,1.3136387456303524,1.515933014455251,0.7471665987278027,0.8563605629120022,1.2344244674382792,1.058204564169476
93,hyperinflammatory,0.12665204996309315,0.12541975211608555,0.02546353865100244,0.07888498851657785,0.02896759287357726,0.052368348185075214,0.007084953709260619,0.08302622668305065,1.4887770298899612,1.5816367126819935,1.2722789772368817,0.778766017370088,0.6586755279265278,1.1088412020336247,0.7931512286372637
94,hyperinflammatory,0.14816271108858414,0.15686467440678176,0.020271431303262255,0.09510246370287388,0.02033975799766868,0.032001742714149906,0.0014231201979156508,0.09062518092962685,1.6195278966444768,1.7042311182395358,1.1541181103055733,0.7554067110591238,0.711457325041728,1.098858431496332,1.021283383384926
95,hyperinflammatory,0.2567817920413173,0.25875354851387417,0.030092275348391574,0.06517255540321687,0.02075109359542991,0.048783378540466285,0.007566522002600582,0.14008120281675415,1.2788909193651605,1.339297814770143,1.4990440319183058,0.7644455007282909,0.6791258773185287,1.5176425718124502,1.3555195852696178
96,hyperinflammatory,0.30873414483034645,0.3080717253298159,0.033036264388804325,0.09356138732604963,0.01910283887551148,0.043746075004300215,0.012439696769908809,0.11920417731981187,1.440910848460742,1.670979286817768,1.4586594773290793,0.7409691220670356,0.638098068228853,1.1127337815727003,1.2745332690127165
97,hyperinflammatory,0.1452448798972958,0.15009886366992362,0.031475413187736945,0.06245613276642623,0.018288053617181325,0.0281756662360796,0.015520708911188107,0.1195040077496266,1.452249214037801,1.8427461933996487,1.3651691211432866,0.6381708235050296,0.7085297292117552,0.9708334439904631,1.0854086454222223
98,hyperinflammatory,0.27217001767648125,0.27476455533736127,0.04324803863196901,0.09724686307564435,0.03316945764894423,0.0429609038288092,0.000443540861907718,0.08209597703301362,1.4972726267836456,1.5372824484412315,1.4458381169233339,0.6305183417402612,0.6295736421668058,1.2277235220449112,0.8484157011507201
99,hyperinflammatory,0.09259695397824802,0.090163189830538,0.04305647045053694,0.13046756583662336,0.03310451939420139,0.04384158918022791,0.007463832774022756,0.09361764748518216,1.6768813806123586,1.6276782828843301,1.331809815596858,0.7750478308021135,0.7726753864573069,1.0278644326179653,1.2416132907759876
100,hyperinflammatory,0.24552280583802585,0.2527103982365839,0.049130634779586485,0.13798749029291033,0.021318826057657003,0.04695453841364472,0.008318152229215066,0.06154815527928012,1.727514370034811,1.5328339869544498,1.1290017792425164,0.7241103738088178,0.9110782127540091,0.9447100853960403,1.2281342129263149
101,hyperinflammatory,0.30067931393116965,0.3072137750272629,0.04896675591891396,0.08847215346090898,0.03260081471346782,0.03752169838000305,0.008194583621355752,0.09636257035180029,1.669820247374482,1.669579688635987,1.321092866160789,0.8547572809384945,0.8034427682424636,1.317610582094014,1.1191624606550679
102,hyperinflammatory,0.21019676792585668,0.21591811608291242,0.03052202732753169,0.070037161596403,0.02046730501412456,0.0416986319797745,0.0,0.11824455646285018,1.8187370653603159,1.2067313605322736,1.170698630578185,0.7711169195460927,0.7383856743163254,1.1475778643912569,1.2131310856499484
103,hyperinflammatory,0.14259328135387248,0.14157551527312798,0.054738141409145645,0.12832323102042,0.03083383923297111,0.03195963899295464,0.011681359772497466,0.062059888462277564,1.5608025070870335,1.5554273145570439,1.388571470468723,0.7054862050165918,0.6663213576618695,1.0647797083930772,1.3171826316601707
104,hyperinflammatory,0.19783142739628878,0.18374075251600822,0.042138260105050854,0.120189779016082,0.03206280658009108,0.03342756549327751,0.015046716939777941,0.09887833326801534,1.5564302039739717,1.4130395471135457,1.4169097154082146,0.662582281756884,0.8753181471994742,1.4430244726390549,1.3367585491715346
105,hyperinflammatory,0.13672468679202232,0.12451161768226382,0.03081047168892318,0.11513400210104868,0.026779415895664817,0.041141328304571,0.020150522576865004,0.04,1.7249092076765424,1.4250912248830012,1.4954709725389734,0.8098211830135474,0.854849835922022,1.107196361667973,1.1657604647647313
106,hyperinflammatory,0.23376439130446702,0.22570560213357616,0.03473009795640514,0.10303868409658187,0.02559445878890991,0.030473419706222457,0.005653174309874204,0.09683846738165709,1.799618237857646,1.6923685390947785,1.4189080362718511,0.7006205152368563,0.5341855217858715,1.138379179909042,1.1472318676317217
107,hyperinflammatory,0.2273189908072824,0.23148471888607774,0.032292700688477456,0.135327234545157,0.03053520478713987,0.036611014842088785,0.0183032104623806,0.09998686833977,1.7396783612338136,1.6560174055568981,1.344485693934909,0.7259473703031659,0.7072252359514274,1.2075573423900912,0.8163032276682949
108,hyperinflammatory,0.3566722357115265,0.3417110727300643,0.0409912730190483,0.08323613449079373,0.027587167769937596,0.04222179710301581,0.01523400898267715,0.08573373541774205,1.4578611982292855,1.750823618140892,1.1617370128667623,0.5892599369534183,0.652575966220958,1.0962028824143735,0.9835793555226443
109,hyperinflammatory,0.2830688226525726,0.28815253911458916,0.04313399770726652,0.13634609224557198,0.019489888163263046,0.05134520971091498,0.0034610934677147213,0.09473543155095401,1.6270300893530782,1.6893397410052047,1.668145933585654,0.6865978434785953,0.7023474061108883,1.0647891764612722,1.0054980234203603
110,hyperinflammatory,0.33097189185132897,0.33661707886002973,0.047449367445215,0.08906063761403989,0.025467268514848814,0.047384520707109204,0.007182006964459178,0.11128070024160736,1.4585501906256935,1.598508289655748,1.4903685344381141,0.6145541864948031,0.5722123906439158,1.1776914102117462,1.0120056674370281
111,hyperinflammatory,0.18646511052418838,0.18595224112389214,0.042650006652871324,0.10969418312420767,0.03571117319927652,0.0417506499235371,0.005294950940726435,0.07688109640123883,1.524872150654766,1.5195312013066362,1.241994303694841,0.8766517267313129,0.7138888302104897,1.0353185243701997,1.3571671115469237
112,hyperinflammatory,0.08520068056173122,0.08544148196582488,0.03333412115213562,0.10109869176144413,0.03191629041564228,0.035620049155526017,0.00782306234981587,0.05366377510207575,1.6474934133831767,1.5605696652538343,1.3580548338535108,0.8000002994616893,0.9838867918930384,1.2852284291559148,1.1833537111424823
113,hyperinflammatory,0.25831944438616017,0.2658269106960035,0.038355508499571214,0.08980546183466075,0.024802192750563366,0.03792429318799474,0.01753901986191926,0.08099861065890539,1.7229583772595336,1.4106426309658753,1.3107462833948536,0.9063241299758062,0.7376533480473435,1.1942267323149864,1.281122147057045
114,hyperinflammatory,0.29952326965413445,0.2922351342845294,0.022772397281440634,0.10898826496786285,0.021936270656693218,0.04304152428457916,0.00394907702420791,0.07849311676368788,1.8132337336640938,1.7103445376717017,1.2613791941109227,0.7119318952067168,0.7778808207439475,1.2297900644181845,1.1943283846950599
115,hyperinflammatory,0.27060848113908315,0.26299484762305914,0.04455883028487121,0.10726923815610648,0.01977281139519633,0.03563136450515534,0.010781486653681345,0.08885858428244721,1.7429187316448012,1.6013569546602993,1.2246069497303862,0.8699369375525592,0.837723372934962,1.4485397843992,0.947333092486115
116,hyperinflammatory,0.2049321327861374,0.2136144900694868,0.04601588980025468,0.11833256266277954,0.032944901322189975,0.0391034241174084,0.014678232006372409,0.08598514572297926,1.636577069525718,1.5995906077760158,1.4946954180612062,0.7627732079472851,0.5390718367768198,1.007015942367505,1.0826665634891997
117,hyperinflammatory,0.225293135144027,0.2363380367349852,0.04696364793078045,0.08373550366643807,0.03516292136256052,0.046933766692674996,0.012379208073107406,0.12930859362067346,1.8297502102839682,1.5810486639582102,1.2981739742678946,1.0263482100033998,0.7814500410429877,1.0756113106368708,1.129596341715303
118,hyperinflammatory,0.28360946480914323,0.27153852870418416,0.03209615279198282,0.11900926266790329,0.014647730303528762,0.02453214451306567,0.00903156800213865,0.11530632606001456,1.5869650813637752,1.5962551421411662,1.358941846142352,0.658438174385774,0.8132430994809654,0.9838505310502962,1.2197100063158384
119,hyperinflammatory,0.22395866127304306,0.20875478367494865,0.04874015904633774,0.11587403888397142,0.03403279267581729,0.038701029386598536,0.016434978692590398,0.09472761538698066,1.899794719249373,1.5547627781864972,1.5043707060582645,0.765871626618409,0.6528690243314946,1.1592720429273677,1.4569693232115877
120,hyperinflammatory,0.34161860907608976,0.35367146996210247,0.05758540544948236,0.10075022803030333,0.015722679525960712,0.03871418433413008,0.004545018091264088,0.09484742067882762,1.5018535982617582,1.7265164639797397,1.4613897153990154,0.7200854922266225,0.8672271002964761,1.121834931674627,1.3161342109879364
121,immune_excluded,0.7553889115343306,0.7583551012159706,0.020878084393086548,0.06106991125638658,0.03009310018816267,0.030555628494970052,0.020965077216597634,0.06678769636927705,1.2690693873986598,1.0828521761138683,1.062022860986278,0.9645448269714154,1.067202044172956,1.0545689209019664,0.6054128436280635
122,immune_excluded,0.7008561416626308,0.7042938913350467,0.03633310376641818,0.015,0.02383814441644888,0.03678794552671778,0.011532561231333572,0.10099478439841197,1.0472691878993006,1.1883686311381016,0.8361807885934505,1.2926885982119944,1.0640726342415487,0.8602621243249556,0.7614408977561351
123,immune_excluded,0.7718264815303223,0.7731328993477479,0.03578965549692739,0.03274197197081537,0.031225547292635644,0.05687859580981511,0.008257328153243409,0.08331591299440623,1.1732957350657092,1.2577241285623695,0.8900007409846111,1.0209471015161211,0.8630354005536007,0.8961143720147825,0.774416460902902
124,immune_excluded,0.7893113624640211,0.7939547309952649,0.03366328607912062,0.06632466834404259,0.030476926152594494,0.043348460243493266,0.015834829044077178,0.07489017071759291,1.1275908543487403,1.073174651808356,1.0457124122671895,1.2624933034547874,1.050826830161759,0.8673217964023885,0.8245150364569298
125,immune_excluded,0.8051392849658067,0.8035308392637439,0.03172269967443994,0.03263065032251271,0.03700702033388774,0.036791249175652685,0.01012931913056193,0.11241575440309211,1.1645109318405154,1.2391270600370183,0.8481760386741677,1.2748511444448425,0.9271604892338992,0.886786577895401,0.7402548094657833
126,immune_excluded,0.8999875457315454,0.9119894138718135,0.04723396256709546,0.04543616684638795,0.0516799354794272,0.0650726427937213,0.010537113716320993,0.07163209716592542,1.0203744038499785,1.2549426783935138,0.9296191369319463,1.2658876589575412,1.2680214959121612,1.0013405391715084,0.8600216812565519
127,immune_excluded,0.7146054817442727,0.7053245832964705,0.0371951881977789,0.034058171177228924,0.018347332936484433,0.058895752433819955,0.00953961357469767,0.07924922439246379,1.3357365516775812,1.197917439008872,0.9521556922075853,0.9788316102993471,0.8874294349483538,0.9434795526111082,0.7120992781087419
128,immune_excluded,0.6930756444892502,0.7020725361619952,0.04008974617381561,0.08069216116553746,0.04338380275448677,0.03327285206676189,0.012489870226912935,0.09159337547583354,1.177299587874795,1.0382551361802084,0.8766129726125304,1.1484452639746117,0.951931503101952,0.9386775489181215,0.4715029147317781
129,immune_excluded,0.7044432389694761,0.7117622742760008,0.024329620644279296,0.06792832340342073,0.04878997084339763,0.034537255032735886,0.010429955737788866,0.06332595670922028,1.018249167995401,1.232377914393741,0.7374300065247141,1.1133013685417859,0.9519678109196834,0.7755327921910048,0.674968687808886
130,immune_excluded,0.8117197844256412,0.8001425843385301,0.02501008664032338,0.03287976873445134,0.030622325034448603,0.05809763451823347,0.007763072518384904,0.08868582350017414,1.2578812581256251,1.173667322935619,0.906346688402241,1.1456538188512941,1.1285510701238204,1.1325992727727276,0.8653648499123485
131,immune_excluded,0.7574224618714408,0.7521798358877696,0.029812645772009448,0.05623657484352197,0.02215440835408576,0.040258963280340794,0.012233552277720737,0.09098827933256433,1.117002732081957,1.1868720824926113,0.711022100448572,1.169196307125282,1.0280199656178814,0.9164519747971631,0.557117550372309
132,immune_excluded,0.8022782475168737,0.7959857042227972,0.03577362322938641,0.07517861199318254,0.0396663551802881,0.03832546397989274,0.017980220214747537,0.08707318422048635,1.100367709083837,1.0789715646112445,1.013427150245748,1.283584698314168,1.1667722050525948,0.7931311566313635,0.5627561694075707
133,immune_excluded,0.6583396372989606,0.654870128525515,0.02909132570646423,0.03852773447130099,0.029760389005275115,0.06094982701461741,0.016639866955654992,0.07324435393438952,1.2507907932518911,0.8435933454178561,0.7459199141526679,1.2776116530539976,0.9565030859912559,0.9113418550017208,0.6730764672472679
134,immune_excluded,0.7912379398184364,0.7903345565338723,0.05216261188031563,0.04970130511040447,0.054118039619654196,0.03367926728085525,0.01232323905165586,0.07308057258275591,1.0829562850044048,1.1855193583151453,1.0213730813668966,1.2298411305278525,1.0721646822763498,0.8740146081929956,0.8084857932744175
135,immune_excluded,0.7388131649598509,0.7450834997930886,0.04747577834945106,0.040291763765096494,0.03074282905542399,0.035580481183419096,0.01128231066717781,0.07525232624036596,1.1330590398558495,1.039990614343868,0.8273011771208736,1.377500297078825,1.1741323743585184,0.9770233860043336,0.7178520851059482
136,immune_excluded,0.7932637494900023,0.7930248314160318,0.025221865553183984,0.04201917213217761,0.03042872176273821,0.05367847731425435,0.011920896650496034,0.0836241344879631,1.1236891115392984,1.2859825993093832,0.7331470592644803,1.0380003893003105,1.2674896600563843,0.9929238958120061,0.6602754066830915
137,immune_excluded,0.7332790666823658,0.7234738173743567,0.03558962969331284,0.07300078901818771,0.015,0.04654523092859118,0.01731231581586185,0.05135741508447941,1.1521940096134684,1.1348018271135778,0.9633945509230577,1.0564776949851895,0.9708508078777505,0.8720348982604693,0.763581402601078
138,immune_excluded,0.7466839562005778,0.7390394947283369,0.038714569821743657,0.045314220568501276,0.05149132359720874,0.03957264278009689,0.0034664703593289686,0.07068287386010345,1.4206937255707783,1.337212983645497,1.019579884907295,1.182532555634447,0.9592213343274423,0.9317275332441088,0.8220297076498579
139,immune_excluded,0.7836041092841276,0.7821569936679638,0.0394871622992251,0.06645101326633074,0.03025991098666622,0.03231068396424624,0.010121323937311064,0.06929787665830062,1.0660973086349315,1.1940728805290364,0.8653281642697714,1.0365720868468906,0.9079871414826419,0.7685121632236696,0.7497331916068259
140,immune_excluded,0.6801102371549177,0.6730302304150105,0.026797533319691143,0.049658108712217985,0.03590298268384421,0.02749598469568456,0.020717373298216872,0.0804721266380403,1.0494672196661516,1.2845220243327227,0.9429276102783964,1.3947748732394227,1.2031460178978886,0.806295789232918,0.6375988219597643
141,immune_excluded,0.6475495639728435,0.6484598289852953,0.05393372774525983,0.07412286834306128,0.03569698287004154,0.0584907494899867,0.014746976358949998,0.07395494576427036,1.329892967572622,1.0652866128237073,0.8977863176195426,1.079783903563329,1.323592790553597,0.738407089174117,0.6944925271704823
142,immune_excluded,0.7482525687646444,0.7436718061009628,0.025286683544454524,0.05169710708596659,0.020161015444929,0.0565630874555956,0.0054278378698563185,0.0651079384512657,1.1497080610098602,1.2840954432600538,0.8196133011651833,1.5336982673214212,1.2548902321070847,1.0016966235743645,0.7352411645446996
143,immune_excluded,0.7744945764954014,0.768822368292598,0.03928291298668125,0.06583252520308351,0.015,0.043292845351653064,0.004233775340434157,0.09993073346061573,1.1955836920301823,1.2014863335575874,0.9052015364528994,1.089255702574311,1.3717087903038157,0.8323806134788578,0.7223680709490679
144,immune_excluded,0.821337280108344,0.8115915616311435,0.02709040399277455,0.025477757592062344,0.029521270896811582,0.053579179361287026,0.003217837677082447,0.07591397085564625,1.2501017836152084,1.1843797491563406,0.8440891120336286,1.2873690604806847,1.412716321592245,0.8308719289192132,0.5445472008561271
145,immune_excluded,0.8218858241865529,0.8220230757949261,0.038000731715933336,0.06769941456005205,0.04762924859468767,0.05041723179494767,0.011507166273046432,0.12976591252159395,1.1960236830124522,1.2663231147875045,0.8195169558186085,1.2610095869457785,1.1897333056756074,0.9763595894953578,0.5017032541079616
146,immune_excluded,0.7382575628155019,0.7416239260793466,0.037523438110972876,0.023044839314294963,0.015,0.04919843738736837,0.011661966509947476,0.08260047494536649,1.2681857012099158,1.137953057646659,0.6682972395052368,0.8870273531790844,1.0202876081504224,0.8503427427127899,0.7066187324217302
147,immune_excluded,0.6593247657849228,0.6660251866904183,0.047236590575081124,0.036824976273795024,0.02971899044277235,0.03718484001528605,0.02023973084300954,0.055319408399401214,1.382179606506387,1.3343216138078393,0.8088056245837691,1.1492020009436528,1.3385354576421602,0.8191856935787919,0.6727006385996059
148,immune_excluded,0.7232273271092201,0.7179169434235498,0.053138069480276585,0.07151643895424484,0.017062897470277647,0.042232034854705086,0.022109420616988274,0.088439062844377,1.1183612642179086,1.1565608005763495,0.8645189419367247,1.1631679874512528,1.0416861143754985,0.6631736680761173,0.9071896343679638
149,immune_excluded,0.7718094690355727,0.7704877191764634,0.04344160229979372,0.0695642220728159,0.04329000301053866,0.03811980131660222,0.006884108451180042,0.10184391305609836,1.0458551830087464,1.153197914816154,0.7094322087170117,1.4256529214735376,0.9074364719125362,0.8905375650523794,0.5667858438720312
150,immune_excluded,0.7044075752734669,0.7139894751635959,0.0318027124066397,0.06142676615677217,0.029606336398767606,0.05685760995449938,0.016080288971540277,0.09892249283446641,1.3298897808756827,1.2703847838414355,1.02608563534357,1.2509027241795518,1.0239748101392399,0.8120837422363228,0.8900518088890185
151,immune_excluded,0.9050656472675334,0.9162511715416568,0.034827561918288,0.07697495940221732,0.0211656578230959,0.04072289905743137,0.005256606157918073,0.09514240718467541,1.2679794250451797,1.0329366183860371,1.0139040961731947,1.30527074476612,1.2940993660030418,0.9079680887980363,0.8288029666804605
152,immune_excluded,0.8270001197629874,0.8334568502397366,0.029906014893880072,0.03314942627604904,0.03328327984732513,0.04358307713342355,0.004034880340765327,0.08242174086714515,1.401990350870137,1.2502394351723685,0.9609331885085456,1.4125513650594308,1.2492627064215032,0.9972154962179108,0.7675742251624552
153,immune_excluded,0.6458171273306014,0.6501538195535779,0.03643329111407312,0.049534135593266033,0.03284993763826087,0.02963867468488259,0.02254138898308475,0.10716170902038079,1.1490656471151917,1.3866958945759162,0.8578025693576229,1.3677517205271374,0.9571087229112456,0.8272179140694647,0.9422939430100175
154,immune_excluded,0.8166563635317505,0.8240587687957464,0.026705943998833866,0.03292220752726428,0.03510353842209078,0.03279678918506981,0.015892732070137614,0.0662790709969675,1.1980256995266665,1.4008968070413237,0.6892679740741419,1.1795660435191677,1.0280875239389842,0.6651766555651262,0.5370190169965778
155,immune_excluded,0.821478844505622,0.8209397641927169,0.03870357947987649,0.05566673009343874,0.05275728059660048,0.05253819581578669,0.015804576533273995,0.07601743068159189,1.2038932868598071,1.2881571238003013,0.9763983883103458,1.2469139153307802,1.3396206669368445,0.9093963204226935,0.6978383058529003
156,immune_excluded,0.8443351400770763,0.8475666469130588,0.038793225827146026,0.06165699659653326,0.04362731127289088,0.0668242163202959,0.01765002329285557,0.06200115925682115,1.185388499263181,1.2398281536891884,0.8874174352550768,1.3018394743599675,1.2855318797274498,0.8306811202507354,0.7290576288360692
157,immune_excluded,0.8071306638239641,0.8150846231359307,0.04475456532455152,0.051930779146560815,0.03672037556184173,0.06268040241476552,0.014074551917237336,0.08656445737256596,1.3935159568942659,1.1165070885620518,0.9116208659808449,1.2352511466004212,1.1736070482514784,0.9099597487494355,0.7216648006455768
158,immune_excluded,0.6662992782622154,0.6701952929738031,0.06149568801228401,0.04810701618772197,0.033532457210103825,0.0399468673504015,0.02208156394821923,0.09207276186229156,1.1605800875822332,0.9952171465922627,0.7261402982367362,1.3132608939594363,0.9786650136136501,0.8161933317731552,0.5685844060444154
159,immune_excluded,0.8558267453066073,0.8598996351627972,0.0198981518129105,0.07143723216100635,0.053235765403496144,0.06916897893797413,0.013339449524687215,0.0975896738558219,1.15962566348969,1.059940396506,0.8609391448427918,1.1966389410543092,1.0227602008225205,0.8936828298574241,0.6757200920457187
160,immune_excluded,0.7397491999861006,0.7341519014921356,0.0277600254383591,0.04699050481969949,0.03764558403962231,0.03959786710718809,0.003089264906470171,0.0743511135504796,1.4286294454880744,1.1334073677190137,0.7643168098550197,1.3814084557893385,1.3095759420395634,0.8011417631115644,0.7216857505383668
161,suppressed,0.3017644732504799,0.30885323943601767,0.04863204179377871,0.08357443034207113,0.057785571218371544,0.03154750215446211,0.006988119918986444,0.040980730281073185,0.42074789641818316,0.5041835833622317,0.48542227500889806,1.5223649258496885,1.4139340635920299,0.5199511871218438,0.8504746511065456
162,suppressed,0.4369315160008777,0.4302419103490579,0.07367581078285486,0.08005029722151864,0.055566842916665596,0.04839546316813827,0.006377603584938529,0.04657858258130308,0.43107354456907143,0.5442642290186508,0.4191789217426135,1.7999862975170027,1.3979391496488278,0.6944236122623518,0.3995812007350414
163,suppressed,0.3089060189838515,0.3117662445942487,0.054300876916966015,0.04271241843667711,0.06719626046183574,0.047773395647851116,0.014943714177597434,0.0204771716674554,0.3686979007235073,0.39106111756410056,0.5997558318722592,1.5713863492701643,1.3146280891273612,0.5736609362714596,0.7352896393096594
164,suppressed,0.3449098184300735,0.33015441605735085,0.054241368298201316,0.0518470078925852,0.052746557529181226,0.03925940095915649,0.010093616264938746,0.034011613362881235,0.5799658581820273,0.4810074938235556,0.3958407636523952,1.6476661877783738,1.3963779199576574,0.4385098920332722,0.7199424652061129
165,suppressed,0.41570943777111424,0.4081738802178738,0.05144009191406766,0.07621195163783023,0.03644979361819381,0.03971683624993396,0.007609262563511602,0.03301844205999948,0.521885139900445,0.5529731432278759,0.37718088195174876,1.7057637958759646,1.5775060558877918,0.6892629527659663,0.5851167426815785
166,suppressed,0.4542749130972553,0.4484441232661801,0.0817239828385646,0.06347893228831795,0.05464840585821543,0.030243800408810542,0.006625574041289022,0.049334232076362346,0.5194280515515517,0.6176655702289038,0.4306535639973471,1.9402606249599028,1.3498902203706973,0.49460923874587076,0.7469777167028794
167,suppressed,0.20473445958291064,0.20680355864522768,0.05218633382052369,0.06559206620827243,0.07020838578701682,0.04107761729651306,0.004044348444058354,0.04550623598947348,0.5302758319338353,0.5701637726300213,0.4764203435018159,1.6211195487994285,1.412588487353493,0.721600161861234,0.708238037313538
168,suppressed,0.24861017972345145,0.2455131750050019,0.05944759787686614,0.05009511208301876,0.05108316307500119,0.031141711972305912,0.00951858953849556,0.02554874327170697,0.5944757354097492,0.5345385068977164,0.381976014151633,1.2126973897775812,1.5648128220131565,0.5033798633730938,0.7547143252466841
169,suppressed,0.4083611282711266,0.40495702369145903,0.04097084362674139,0.05438996034492373,0.07410212543354518,0.03550479329498604,0.0026020762264743064,0.02816622787539472,0.5552453864027066,0.6859229178588172,0.4473765658225608,1.5339673764179182,1.4086724195634757,0.5008979871338569,0.7875035021060218
170,suppressed,0.403575032050611,0.40713998149174574,0.07160277563942774,0.05242309382388299,0.04735789055015796,0.03682872866776128,0.005906542384656469,0.023417815948063567,0.611647168417882,0.5505255155337605,0.4736408719240447,1.6530217947696035,1.4136695208498251,0.44649917690974716,0.763762374295584
171,suppressed,0.18228470980317116,0.18394488573372159,0.05103577340484279,0.05556967039023703,0.04753513217945476,0.042602701954371706,0.00614442924571016,0.03593632251985326,0.7332289021835873,0.47020478170007446,0.40825516648213855,1.7530692507461147,1.571400131599669,0.5834875350349591,0.8144316567937082
172,suppressed,0.38108801622261107,0.3861125897582255,0.029932002708066653,0.059502849609684154,0.06604061463693811,0.03948083394822422,0.005622140235900162,0.038251652043853855,0.6335053576060339,0.47953995248067277,0.5530591666256697,1.5869992181805188,1.3160596281298176,0.5445256180676917,0.65435666285496
173,suppressed,0.3044084606222992,0.29941691563224004,0.0470678127555694,0.03950658385011008,0.05128991228069853,0.04575014311171969,0.002891176315471185,0.032222061969307686,0.5490983518958314,0.4291510381893912,0.6157761948171048,1.608095348229195,1.2553654035980113,0.5259355475610202,0.6870920672447377
174,suppressed,0.3726093804788337,0.3796733869246757,0.03920934882756584,0.056339285960717383,0.03361259726515603,0.050603058370997725,0.004679606197318598,0.036988945353818574,0.5196510970361267,0.6761006523226314,0.3850134638540559,1.3803681535373769,1.4865604236904248,0.5049447894879847,0.6429642154406076
175,suppressed,0.1867365946997726,0.18690612792945188,0.025,0.07440488882930608,0.049564085263768994,0.029737706990464987,0.003837204172480307,0.04132047228826827,0.5244669950107573,0.6939621260866027,0.4938098742092232,1.8906771114119587,1.5936675951188402,0.6590760272482211,0.8150617414594589
176,suppressed,0.4239169346915314,0.42444344702755105,0.05006829442991471,0.03432993693164735,0.04397030807079542,0.04231598083843764,0.009234098821546565,0.01734960190968975,0.6256338909550443,0.6423214725293253,0.5574755296516192,1.6071401394346043,1.2315374412502942,0.34199289689095247,0.5529387985599584
177,suppressed,0.3562255116401703,0.3597394592335817,0.04256464003712117,0.06346984239103981,0.060292952957995624,0.02762618761068006,0.008430832454866647,0.046372417493290755,0.5033297085392345,0.4470012678204397,0.3684300320770755,1.5517680556437783,1.3163972570833369,0.5235542143482477,0.7375041424372355
178,suppressed,0.44170087815312703,0.4570903327883231,0.07607085850852896,0.055286855844944395,0.03167588099865333,0.026179823424891696,0.003226052062684186,0.025142696072779972,0.6662496172113566,0.710484302664072,0.4510509357837095,1.6422446298405655,1.1995105010905491,0.7229955121434326,0.5854800950064426
179,suppressed,0.23142101780890523,0.22504000097622257,0.04159447671500728,0.0867780387407786,0.043514131873320976,0.04681233532837185,0.0018233095706404303,0.02074146684775644,0.3978112842168281,0.6746987180975,0.4601581626963767,1.3544305030667905,1.4459654139205471,0.5087620701965638,0.8449994479794056
180,suppressed,0.38203874399520255,0.3784461866288912,0.04023572857319281,0.07146566410240604,0.06609571797667699,0.04798682399376056,0.004734892144680712,0.05056163928665727,0.5020931985578256,0.5211966032516174,0.42588802893290034,1.3558852381562065,1.6494957883978072,0.7692497126172575,0.7612925717638062
181,suppressed,0.28871683189133407,0.30021967865149973,0.057721190017243046,0.05608510931730048,0.060367408033210786,0.04265175005795075,0.0,0.07206624351728044,0.41453699724288584,0.49922639060048957,0.526175199393476,1.3724332449913397,1.7468897144678668,0.5841003570302608,0.6053485196436024
182,suppressed,0.3774390181737498,0.3721252664633593,0.0746197685615272,0.05729310805944107,0.051463070579418006,0.041475844078062804,0.00830686763765797,0.0365247088311006,0.5452790623855867,0.7141207060382894,0.48494220584982906,1.8630580657661886,1.2953707486309562,0.2850531310879796,0.9492228073570979
183,suppressed,0.33843652868750057,0.34081680782395407,0.06932508408273552,0.08271799977768744,0.0460859107017986,0.041581881471788394,0.006379201712247974,0.01855627703577284,0.509089379284089,0.5742557768649084,0.2723974602143244,1.6145670844238142,1.2338369454314526,0.5666913609400419,0.7056263017649267
184,suppressed,0.18375098634422704,0.19683974102233767,0.05004656693689248,0.06739143455742322,0.06861058531516188,0.04541764843932632,0.003476443625124155,0.014288398785229948,0.44127662482717955,0.5658301483790178,0.590478522282276,1.1885353532640939,1.576333420330701,0.5035941269004932,0.7616741082310055
185,suppressed,0.2663694491667024,0.26928997319204395,0.06918662924306626,0.05855143979970834,0.045990891582117464,0.046527068167049525,0.0,0.024832083283086018,0.42639638725896206,0.8041354649976292,0.6545563734004469,1.6189840119937073,1.4387856480495098,0.4662926775306445,0.8680443527981794
186,suppressed,0.35980248866851744,0.37764598889084233,0.06620135179321036,0.07031939512122454,0.05151352924461509,0.037140216905329065,0.013595798221820898,0.03972756991710698,0.4985835445182635,0.732042451307834,0.47724328135247707,1.690765833534118,1.5031113863028538,0.6371231762076055,0.6709269860666899
187,suppressed,0.39039381613413154,0.37713893459375064,0.07921443345933386,0.045952278877623765,0.03273210094158151,0.04230845978400612,0.00012665107609284576,0.03505092835434595,0.6622894515804847,0.6816866378732573,0.3675873329943503,1.574420350303711,1.4629947856005765,0.536370098202357,0.6262120061247846
188,suppressed,0.42950110305829625,0.43604243196100123,0.06304017176518657,0.07144178538422419,0.06063954978142521,0.02980285088466842,0.00745196700600232,0.0490976102392375,0.5720637174064944,0.7032912926586253,0.7095385159390477,1.3714697196928667,1.3436387433900738,0.5636422489736852,0.7347141238164773
189,suppressed,0.23150525929242144,0.22932539059926005,0.05300601431486188,0.048015025540276896,0.04549540378747706,0.04486866062955089,0.005315981127636984,0.020884737346125733,0.6460213198919874,0.6096782517437839,0.4671382824649265,1.5283286798213758,1.6923493143713189,0.5175871391998865,0.8822766298042486
190,suppressed,0.27002294334349297,0.2660300600363666,0.06141896344794746,0.05322215307441851,0.041499711403986686,0.036884881864280045,0.011479231960908085,0.027112289651381016,0.5122131227553007,0.52830826636317,0.5365738384416268,1.1890814642015533,1.4633045213748155,0.43253446673831164,0.9296489940592203
191,suppressed,0.4406646376915219,0.4482197959137995,0.0621683262933513,0.07014953269846681,0.0493183356560247,0.03249710548317949,0.003223368444342675,0.030014443322998442,0.40996077352396487,0.638219538275995,0.6556391835112485,1.6112608494161345,1.2752244079647272,0.5825463959140954,0.7399180409245855
192,suppressed,0.36091784902433194,0.36851301493059585,0.03486156707356021,0.04598086210998517,0.05202334993836731,0.05061773942222304,0.0005685596128643918,0.02497678989804028,0.6705550428709511,0.6801262228255373,0.5288172172489864,1.6167926601218587,1.4906818799516004,0.6948980875651825,0.7372277511064462
193,suppressed,0.3971408210608719,0.3979962473688049,0.03477192830644679,0.0658416758930301,0.06392485038768263,0.04423561590793777,0.008928142611550895,0.047060180575989666,0.5543448881239493,0.6342767756811949,0.6180139081145533,1.5779352646510494,1.2030428558898312,0.7401017056347668,0.8093930515093205
194,suppressed,0.23115431941994158,0.2175437385380948,0.04724282729864939,0.06220135622392998,0.049808935176771624,0.04371074718681447,0.0105105703052077,0.035848136445387785,0.4372748666395492,0.5220622587196861,0.5187072225134897,1.436808013730162,1.2366079370114027,0.5454783141968648,0.9843429925690614
195,suppressed,0.3152058572708195,0.31147109889439417,0.0598058915158649,0.0758726452837514,0.040753138453664,0.03863523660267783,0.005198565391849143,0.05971471911910874,0.4749603797186231,0.5496014939341318,0.40763496846424935,1.4590696282313529,1.464540679429598,0.5602412565050455,0.7629865686311904
196,suppressed,0.3046639878292297,0.3099936604758647,0.04178126730268604,0.07760843352823038,0.07021442930562442,0.05407540824010783,0.007830084546516094,0.03049946591908834,0.3764260842788823,0.5623488113700337,0.3515425527585885,1.851530369630611,1.5191833950976528,0.665357831528641,0.791431016483722
197,suppressed,0.3432938609902319,0.3393939506998848,0.08756968547501978,0.06599935527549926,0.04839722441367776,0.02478818777133663,0.00721461823985781,0.02804021120024544,0.42414119512612425,0.5259111258670358,0.552938502552473,1.6140141860550807,1.5843675305965492,0.6115811052853254,0.8361249632593674
198,suppressed,0.3227983875853845,0.3292827367567651,0.08039312941768223,0.04909293136395571,0.04093942591134024,0.04194758254956575,0.0012200755733068674,0.03300982482170057,0.5368961043334289,0.5316274217059694,0.38887517995577103,1.7067636479532249,1.3159418879841374,0.428323479068066,0.8460187910248725
199,suppressed,0.29462940161551027,0.29706833704687036,0.046780861970160216,0.06432785926915909,0.0517538386978732,0.04244197399426694,0.006428771492800669,0.03034757490492273,0.6149518290687326,0.6611204115235223,0.46175945331343016,1.6061084967617059,1.551408402444431,0.5755850140818145,0.80238214924157
200,suppressed,0.15476528732171482,0.16500765722158867,0.05091380162811638,0.0831434517379293,0.06780577631111351,0.035579491406312246,0.010021210895827191,0.0603040985360513,0.4494875163934158,0.5491908030074528,0.6082278743728914,1.76179299702141,1.4642232314455856,0.519056716291511,0.7502248429660422
